age,monthly_spend,tenure_months,support_tickets,usage_score,contract_type,churn
0.3513850778045685,2.182376788701361,-0.2558745224580402,-0.3882548840802835,0.8927235344485238,-1,1
-1.80030098127978,0.16907512713317696,1.6407289410055337,-1.884878473637655,2.4751511592509994,0,0
-0.9077001169019487,1.3654792166546077,-1.3499860465149938,-0.7327520931708165,1.534017290709706,-2,1
1.1682212079314684,-2.0014907475601724,-0.10380668113433723,1.528139485382591,-2.402106893177724,3,1
-0.2517107614451548,-1.7050382601915082,-1.3735563919321288,0.3200750447972187,-0.8234427625361009,-1,0
1.6437509027705373,-0.09391931400536913,-2.658476431854212,0.222244025618478,-1.220149703599517,1,1
0.7186339112806608,0.17269660273819354,0.8495852645378883,0.9175927670876078,-0.9204246743680242,1,1
-1.3270131105874856,0.4035240221145713,0.4960884962925648,-0.4172789822359111,1.3576112660611592,0,0
1.014997761597493,-0.7470098608193845,0.8098878169738728,1.544007243619538,-1.9712219689226693,0,1
-1.1555515212141847,-0.4426182461055199,-0.03269031700120314,-0.8399940079208386,1.061477305833714,-1,0
-0.9823816646904551,0.6086074703082403,-1.074305386226487,0.3598791334115852,0.6197568378528949,-1,0
-0.7221539660305041,0.024767893106571126,0.2320062831488026,-0.939225029187915,1.2007258247510963,2,1
-1.9862037617029689,1.3618400960214265,-0.5434727588295352,0.016623024058392888,2.0605470259197434,2,1
-2.565378393491756,0.47336755063550906,0.6264660917775864,-0.8306921549377697,2.5747240693615057,2,0
-0.055609365750472484,-3.3488790489674063,2.060822801135346,-0.6808166021346345,-1.0770442108742893,-1,0
2.717216810461983,-1.6252331887689453,0.4562387973673141,1.231455465390173,-3.1109653374621686,3,1
0.6994603603016541,-1.1400298009387442,0.8808673306940777,0.8950605556919778,-1.4821495563162186,1,1
-1.592498158205374,1.4093792065436208,-0.022818760730348216,-0.1485070665114916,1.8891817713832573,1,0
-0.561066215904275,2.246359381877626,-0.5788158141185104,0.6699984190077564,1.0257569813914715,1,0
-1.0317290260954677,-0.9648479951279645,-0.7637886999948825,-1.1180058267304251,0.9030355790985877,-1,0
0.2779133865818544,0.8505239346614998,-0.24105425031666827,-0.6613731256452273,0.5862598398561055,0,1
-1.5912885537718167,0.3014117829921257,0.6788438705261987,-1.213092934979507,1.9522190084194515,0,0
0.5087304641254011,1.961567538316207,1.5054822847113456,-0.9649137396940424,1.1937014898678628,1,0
-0.6626406211934232,0.4410188310916653,1.4142951060044213,-2.0447615278422795,1.9633232566462984,1,0
0.482226208529977,-1.8913453683423933,-0.5265493094207659,0.39451086995571416,-1.1769803220097548,3,1
-0.10351881714934297,-2.563679705552241,0.19149285167317392,-0.15681723206124676,-1.149640763180011,-3,0
-2.1593270659945247,1.2949867829433876,-1.2385631890346671,-2.009022688203588,3.2894937582922035,0,1
-1.5039779746055264,-1.3543969968273557,0.9130920305297793,-2.2642916860644826,1.8281367172322813,0,0
-0.008784996780688004,1.9599716579107442,-0.8758917171492806,-0.18127475251343772,1.1405683776331277,2,0
2.5459772783059025,-1.4964682191500749,-0.842922332241793,1.4481949555393214,-3.1334357734575553,2,1
1.8965524061990395,-1.1821386529730495,-1.8381794994044593,2.013357904212681,-3.170640828640222,-2,1
-1.1371159174525627,-0.24824687521776756,-0.32701368599348823,-0.5399567738158337,0.9561769522321923,-1,0
-2.070078043141311,1.838987132271221,0.08985616291338219,-1.4585845949962923,3.0907688528302586,0,0
-0.36422509987204643,-1.049002879335609,-1.057602200784928,-0.40954041366846705,0.14321923355442295,1,1
0.0006922446560373441,-1.526337495871497,0.002238750924302561,1.435765190263544,-1.469909922402664,1,1
-0.09297311708555545,-2.489634266351105,0.5712476595884974,-0.2198281244558764,-1.0316140760460084,-2,0
0.20313568528640213,0.7998419175426816,0.09796326447612663,-2.2950196043776487,1.7243242884409753,1,0
-0.25644289509994156,-1.9774444363289674,0.4627427167043018,-0.03790953030970046,-0.7477312394599308,-1,0
-0.3550866419874037,-0.3495355052412308,-1.1961868702359317,-0.18680693918966873,0.3540255301581599,2,1
0.8790446671931553,2.7239816093197557,0.25110659900152,0.17146798476459257,0.5849624677025494,1,0
-1.4633398903189643,0.5328851416730052,-1.739401971936737,-1.0690758934140305,1.792674786651469,-1,0
-1.4578226189969463,-0.2991708406342919,-0.237325303796526,-2.4160952012031203,2.2977929020807766,-1,0
0.3072218274298941,-3.7662520353267137,1.3165461721846896,-0.08055144004918391,-1.921510736388432,-1,0
0.5434554496387438,-1.3235395021518315,-1.8355464107883155,0.8732861079657169,-1.459246526670424,0,1
-0.7416967504923189,-0.3242107691687792,0.38039105389790073,0.05001538240918091,0.24042739259292456,-1,0
-0.4906635619062738,-1.355893315201107,1.2786238880511476,0.12226934480032159,-0.3773132956218206,-1,0
-0.7369924770365432,1.362568325018572,-0.965419509715553,-1.0705917089233732,1.7383370808081215,0,1
0.11835886382732697,-0.8362204709499735,1.5968497946058424,1.9126329723777182,-1.6325167679896415,0,1
-1.148073336728893,1.2052666635200133,0.34103851050754747,-1.356569914059451,2.031108764149783,-2,1
-2.959795476167114,0.4555681206933424,0.28582349040398747,-0.9675911540108679,2.830499166035245,0,0
1.229259364026995,3.1728304959507945,-0.7046087341878011,1.1364283224623724,-0.0717520751534364,1,0
-0.04176613970856535,-2.9472500384018123,-0.019195550400830694,-0.3185971514121687,-1.2706135671368342,-3,0
-1.7752470491603933,-1.1205347708104378,0.21286525652712862,-0.28191054322704434,0.9467084479017965,1,1
-0.13076175735771456,-2.12612122875728,-2.8918325989502067,0.01439768959787191,-1.0020624709255155,-2,0
-0.4621490084428235,-1.9269645549853534,-0.9291387909758185,2.5307324614324758,-2.0787011671391116,0,1
0.217687293799816,-3.430055696140972,-0.6711436067631215,-0.11139853211641326,-1.7777152972003574,-3,0
2.1429135982547063,1.2057659178812141,0.13880045454151024,0.2785246111404459,-0.9967577024213179,1,1
-1.9127189089305388,0.8058485535341415,-1.2657126521695894,-1.320859601809543,2.325141338470709,-2,1
-1.0481095750562106,-0.21987840273231363,-0.3257257767370883,-0.45741682983674836,0.8605076527847583,0,0
-2.104798798141794,1.220358034257228,-0.022577606497256104,-0.6079927064986999,2.4162236027880484,1,0
-0.3222360044948387,-0.9851417611078508,-0.8086124988817873,0.17276186821879003,-0.298413925093281,0,1
-0.8342980891817973,-2.678341195262548,-0.771545086951487,-1.841942610017582,0.4533226902626917,-1,0
-1.1555702202075988,1.3566411331692894,1.102375420670601,-1.5793539541206094,2.3391836879987973,0,1
-1.7553758973182354,1.5900495671549195,1.1082668228289316,-0.2694018172634117,2.116075293005127,1,0
-1.0509139657128794,-1.2227894988868746,1.6620767410146684,-1.4083997296218371,0.9297189391016658,-2,0
1.3428233782334895,1.171414928362154,-1.5103047544702501,-0.7793975671455751,0.095715648727553,0,1
0.07417598316692198,-3.811380137125565,-0.14751956461805613,-0.7651254852766571,-1.477647065703532,-3,0
-0.19925926100065028,1.2305873879457172,-0.7100081116700219,-1.3032989672724264,1.5385511242371872,1,1
-1.09003242705007,3.460997515742054,0.3344600640970049,3.033627349773351,0.6415377841249315,3,0
-0.8481161414780847,-1.8273057829358357,-0.6463152957693439,-1.2155618360118905,0.40015866137055855,-2,0
-0.4995785566523785,-2.5271955144904226,1.6785759531740878,-1.1619871545656844,-0.18040785967829964,-2,0
-2.4076189828384416,1.7227259099483518,0.381167707490601,-0.04206962988869534,2.5028616510203,1,0
2.650251873208948,1.3607026389025272,1.0417542290197623,3.217043560306038,-3.159598980474674,0,1
1.6855654199389467,-0.11237070542353911,2.172949749360864,0.2596747324318248,-1.2044220289440322,2,1
0.0851998888844494,0.5518863648910118,-0.6454245039945528,-1.3508325143887459,1.0035885039429393,0,0
-0.7985669450299271,0.349114145803068,-1.9804342295660204,-1.942374102954956,1.937004156928818,1,0
-1.5000101439548743,-0.2661892084358629,0.721092796486096,-1.3728439806162736,1.7105482161463528,0,0
0.20951984775524068,-1.8657003494170488,1.3985302747071633,1.6270678567053043,-1.8713833806073064,1,1
-0.919382411099156,1.2835660987337447,-0.20546501962872518,-0.6752393060788066,1.7120362175052584,1,0
-1.0201864595012893,-0.3049886712903409,-0.9837261046610202,-0.5909124807083547,0.801736439880832,-2,0
-0.5805319151626464,1.4578028471238507,-0.19142996923255026,0.02463075710914686,1.1507258443511068,2,1
-2.9032394412336986,-1.2025863056098762,-1.0149226916583425,-3.367776996437444,3.4298504763460755,-1,0
-1.3749507789685644,-0.4761754095614612,1.869269283216241,-1.210683363584517,1.448148744107581,0,0
-1.7302875070996386,-0.26242666640196743,-0.07071647578008274,-2.131283516035173,2.3157145470844314,-1,0
-0.6744242533471101,0.2493440924988788,1.4102325155508788,-0.6645206235649879,0.9179212529784767,-1,1
-0.46769589585583615,2.74565673664279,-0.11401611524958048,2.010821492984155,0.439059833796165,2,0
-2.2311529649018604,-0.755951610611308,0.9396742480279019,-2.843665840232938,2.8621209791665407,-1,0
2.707965033356717,-3.7636823868477256,-0.21219946487005836,2.9271068834180323,-5.024940827156911,4,1
-0.5774706659703944,-2.702075536121562,0.796982182713619,-1.1787433776209657,-0.18138794493422905,-2,0
-0.7107916965370107,-0.732133349971017,0.06651827396067966,-0.37759880399537216,0.2183813112521683,-2,0
-1.6142855443485074,1.0692907430697896,-0.7233451687434653,-0.703912822676352,2.073253697923466,1,0
-1.1414899042461344,-1.1032603726310866,-1.2775358221329547,-1.2055298936313934,0.9572523074204203,-1,0
1.6020954357376969,-1.3764796931969199,2.1026024348962706,2.5252704859682042,-3.3092505399195,-1,1
-0.6098829881514263,0.5483173127566923,-1.336284088584971,-1.8019722953358803,1.7471810609118403,0,0
-2.320208230469205,0.6731140430828155,-0.7989547721176634,-1.0268307647270492,2.562836880552538,1,0
-2.001114286779986,1.0076750757147197,-1.379092393079632,-1.3359361452293756,2.6901357856762695,1,0
-0.2448540227222218,-1.5904943169201602,-1.622933002681238,0.480035901853082,-0.9002047378198393,-1,0
-0.9128817353165795,0.14412602209358005,-0.15064072028152445,-0.10543973854909405,0.6152081096271806,-2,0
-0.11649524685897672,-3.9322357317446954,-0.6433243957646548,-1.2978984647287497,-0.9728865123251694,-2,0
1.039673331151992,-0.7682218654227847,1.1396378120140314,1.4748711455773627,-2.0861280648326677,-2,1
1.5170702270596406,-0.3607474398139321,0.7883430208594201,1.657958382001039,-2.1165616594752295,1,1
-0.9650870201894172,1.4938407466308348,0.5141952527473013,-0.34843832951703446,1.5904125024341917,1,0
-2.2122294924061277,2.084521601214946,-0.19251622384255335,-1.7428458896698604,3.4020088309320853,-1,0
-1.2505584223095243,-0.6438113043348946,-0.6600319567258276,-1.5884589962694775,1.4896018565722298,-1,0
-0.727151123102588,-0.3221837584553826,0.7958556296540458,0.2515627323617813,0.15994796252294535,-1,0
-1.2700960886359431,1.0741436694477826,1.5096239599656778,-1.4943322023161274,2.4082514491327545,2,0
-1.8373274074385697,-0.2802481527021077,0.05277551629782262,-2.107587769088784,2.481205064941066,1,0
-1.8142874628038062,1.3882833132739063,-2.019813332338234,-0.9410383540978001,2.249143695811975,-2,1
-2.7844979967170316,1.1314945682259574,1.3127731179900592,-2.5872499978887307,3.900341376942214,-1,1
-0.5397156455369062,-1.7145993967888908,-0.3925217049287987,-0.1250648968285959,-0.30428245166572554,0,0
-2.171603054608537,1.2859547616058489,0.4017887457877164,0.16121104761061655,2.1327531096813965,3,0
-0.7306758596493304,-1.7110829395455518,1.2305604288692062,-1.0073175851105638,0.3133396061138466,-1,0
0.8834582741401458,0.4620868965771845,0.8292139408262553,-0.1328492746339761,-0.33354207269722597,0,1
-0.025114733444159487,-4.219410656532165,1.1597649619517718,0.9450968685298761,-2.0757298220489404,5,1
-0.5695347751733121,-2.276254735490427,-0.19796575563052923,-0.4553322542281315,-0.3784023092798656,-1,0
0.643546758999785,2.960178291927371,-0.15560792831294068,1.187927619540302,0.34928330534220065,3,0
1.3451789457162182,-0.997703197616861,0.24376302151305274,0.702469449153821,-1.7138721014459397,1,1
-1.5902457456921382,-0.37175081461149173,-0.5144861033574224,-1.6887317576606071,1.9399813732488234,0,0
-2.3137241340380923,-0.8645585196977081,0.18185791696841305,-3.3353380925696285,3.174749978289226,-1,0
-0.9264198026039765,1.282951331097798,0.1375195727236849,-0.6121836492142437,1.6265930502345372,1,0
-0.23508514923192048,-2.4992983127555854,-0.9653605443802138,-0.37800714420803894,-0.7755542988641322,-1,0
-1.509263905821973,0.5063755973546136,-1.9624402248468504,-0.683656271808631,1.7077463049377501,1,0
-0.880144054890468,1.3569312673553424,1.4671626696512623,-0.6480693567318425,1.7040464189711475,2,0
3.0530930422349645,-0.6805560755332013,0.29348095287396686,1.0502320414255335,-2.8968700961931875,2,1
-0.21626549492209524,1.8169228461186688,-0.4024706923896631,-0.1502213717881441,1.1342652648699518,1,0
-0.776333620021609,1.076864740106203,-0.6503000099964535,-2.8868120292168102,2.958540912885234,2,1
-2.0135523909424906,0.9346972608670225,0.5248057963906824,-1.476154544190532,2.70518416534853,0,0
-1.6609166945025136,1.0503252099572995,0.5536999252568481,-1.221744107303171,2.240020890522008,-1,1
-1.5554971483465065,0.40899554425092566,0.16736245351170304,-0.9045340487290217,1.8418915628634163,1,0
0.06876941530195646,0.08115629038102601,-0.03304091207327872,-1.012754578719006,0.657857296694654,1,1
-1.3879870092883182,-0.7047559139547883,0.2907410969511788,-1.4094281806856448,1.5544476266080127,1,0
-1.4539769786952368,-0.38519828733743355,0.16710700314022547,-2.9011262613513673,2.563931198619586,-1,0
-2.9599164768332256,3.3754951628983036,1.7963239264846849,-2.2183130823808046,4.876312776888886,0,0
-0.24301214120290593,1.3137605805980292,-1.838533122489738,-1.0259214766596776,1.4079803098841492,0,1
-1.8335467210202812,0.668720817304225,-0.5476298785147864,-1.310991921011001,2.405824971582674,1,0
-0.6563415363249723,-0.16100906233554602,-1.0087420453965685,-2.5980755402133147,2.0185973455622683,1,0
-2.3044547061494054,0.058444458634527074,-0.472699532370869,-1.9891970859968073,2.8417077648657685,0,0
-0.6539291930890978,1.4952060664160975,-1.380828361276954,-0.844373180507209,1.7170623752624814,1,0
-2.405101683269746,1.31860964596271,-1.3096368741085314,-2.4645017240688385,3.780001766665368,1,0
-2.1653547589878857,-0.2410240992640218,1.1318101612154237,-2.5561823800273555,2.935063368524231,0,0
-2.298331696003906,1.1700552071928385,-0.158673505479252,-1.5773226583674562,2.9423802766743647,-1,1
-2.362189268724086,-0.25434254997414807,0.3355262256247127,-2.191033429171034,2.8147011642517623,0,0
-0.6638279770046162,0.6762969199267932,-0.7766828600991152,-1.307395801596235,1.565276601481418,0,1
1.1786820535441644,-0.8797466989337845,-0.7672953745205758,1.1765463630194615,-1.853345905327554,1,1
-1.073341411381531,1.3205307219501243,-0.2661304013086679,-1.635781597934334,2.3327495480741955,0,1
-2.290158471191775,1.4010005359421953,0.03092541778249925,-1.8914156841687761,3.3898962467478624,1,0
-1.1509301574484734,-0.7427494559580103,-0.470303142603962,-1.1945390233287778,1.0920712411408333,-1,0
2.3346235991671045,-0.9371523828190588,0.041237018516578273,1.1932808750479957,-2.6859681747263147,1,1
-0.793989615229838,0.40476969335411117,1.7874208554664275,-1.1636731933633184,1.5013777244446795,1,0
-1.1233672336102467,-0.15496573634695332,-1.2884501855892996,-0.6581495624152944,1.0671105006853328,0,0
-1.3451673440444671,-0.3855293596758558,-0.5937160585353624,-1.7253255548561026,1.8442847541639475,0,0
2.372703942105626,0.8285450142603046,-0.1736290332376506,0.16855196693835128,-1.3598046699439945,0,1
-1.7666838219269148,0.6600753843557117,-0.4199030028675904,-0.2624757037831429,1.7237362857202934,1,0
-1.6945674832497915,1.9967173994536285,0.33768699807813884,0.9845177553500748,1.5265753152732944,1,0
-1.1201726041825628,-0.2174778907427679,-0.3694316894606993,-0.5940076777257375,0.8841982772458704,-2,0
2.681578557821709,0.49120442488946914,-0.5388348460240047,-0.9960769552284292,-0.841096570314508,2,1
0.813984001070361,0.9129669875912377,-0.24063805437007116,-0.5654610661600363,0.0623872914765955,-2,1
-0.7178382224064273,0.9074929596150607,-1.0595054358453868,-0.6561097560240292,1.350660904716004,1,0
-1.1191037572089797,-0.09812806875366109,-0.6994847791608069,-0.619793520086414,1.0856309507289863,0,0
-1.6331886945223484,0.8861402011400964,0.5743204940747126,-0.725781652560833,1.781980091061955,-2,1
-1.2262601672986853,1.1844816175483857,1.8025118590747553,-1.74554621812855,2.3938085182161215,0,1
-1.7044082408221124,0.6132275569771776,-1.8295550464324626,-0.8933263306204913,2.015700916801394,1,0
-2.062805828709612,1.3496296422994556,0.592101961043143,-1.6794209374336948,3.0534082477760025,0,0
-1.1608645171971412,-0.2668341654961308,0.2986544482594905,-0.7733470170214651,1.0813264812182048,-1,0
0.2705633477654237,-3.8354530953336106,-0.9979552870231718,-0.5421130291243816,-1.8025993958195556,-4,0
0.8073288150509488,-2.1563635493553264,0.8641807048417827,2.8925794791850143,-3.161143996836402,2,1
-0.3137111777403231,2.816980985120388,-1.3810073074529978,2.5529559162317117,-0.00798368935928151,2,0
0.1751086470477643,-3.0581161917600634,0.8292839134258868,-0.1670597600818634,-1.6144960837029627,-3,0
-1.6522480688375698,0.5673027368313246,-0.33803804090994616,-1.6830864370356513,2.4280412508192084,0,0
-0.31065473416884537,-1.229829555213164,0.24230227466384766,0.14015749781421083,-0.5344880708451021,-2,0
-0.16058936437408478,2.8156182045227034,-0.6571144775405775,0.9568947243625443,0.9404056966770655,2,0
0.9344868395877624,-0.8924174345307452,-0.11532059978763796,-0.9641193983656926,-0.19796938751266066,3,1
1.1763241670791942,0.24911369997975708,0.06437257087223061,-0.7247375886251046,-0.1892647687623929,1,1
0.6610250243719982,0.8306453988068385,0.6814693854093543,-0.04704766374299818,-0.14177239522571694,-1,1
-2.0025787389443437,-0.7053399449854667,0.2882291303452953,-3.0071722483128536,2.8689084540029173,0,0
-0.39220742585574286,-1.8804866109630614,0.09187093358020086,1.628311726195764,-1.4996699068815895,1,1
-1.199682477305192,0.9908025723378324,2.7762841161530583,-1.2442850878166836,1.9186436607040929,-1,1
-0.49402920852444066,2.2441677938130544,-0.24637185841335324,0.6537197952799747,1.0226905999859377,1,0
-0.09540491368807147,1.2172206140553927,1.2353486507529106,-0.5732924626544608,0.8939928920705861,-1,1
-0.20080449325707728,-1.8279886205450016,-0.15461414154690603,0.04332510233689302,-0.8376881460647109,-2,0
-2.5069348250836962,1.2125473429844833,-0.385382401062678,-2.8148828648545337,3.979734402172505,0,0
-0.01521135073713642,0.7950904245676749,-0.05758201654872128,-1.650193458810369,1.444660295143751,1,1
-0.9091853884116066,0.6974544036853114,-1.7265210118634304,-0.6252809057393135,1.3588951466856973,1,0
-1.4437468402102382,1.0179933024571033,0.00865017730891855,-0.9017128328456351,2.0624250275615927,1,0
-2.8898686187528035,2.148949554573394,-1.4644422334136675,-2.9489372272029755,4.740766142348577,0,0
2.188570656777162,0.9357138889866174,0.8271603118652108,1.7409615810927794,-2.1514467699643953,0,1
-0.268777537571001,0.05715177225197243,0.26861871041582847,-3.305537934030715,2.2541929484171277,0,0
-1.02999026429779,0.08119361447183104,0.6100587675562035,-0.2982395814702652,0.8251898564316925,-1,0
0.5493924284949092,0.46896717542873456,-0.01412072193343282,-0.42111346095653057,0.05864521547021134,0,1
-1.0213006119441839,0.04141236113580404,0.6798203458289699,-3.19341204629958,2.6893693526382636,0,0
-0.9883458037286112,-0.049207110779258434,0.6397594417822444,-1.1351664517152007,1.2987651936129427,-1,1
-1.5806348359764104,0.9980718254048039,-1.9855963159020165,-0.6418109020810173,1.979008728227585,1,0
1.2019968436998494,0.7899487965562687,-0.1664773869480215,0.35831270161158946,-0.7687711139058999,-1,1
-4.5301884285266025,2.0819580647304434,-0.40347305999300503,-2.0474994029407005,5.169603494198639,-1,1
-0.6614903667248732,-2.771152780970482,1.6065473862883348,-1.5824569627936944,0.1709143571918843,-1,0
-2.8267976068815934,4.163258415738916,-0.310368783581295,-1.09141781435008,4.517415454577055,1,0
-1.9253031365735684,-0.7711794689746336,0.32930914524949534,-2.309484349354626,2.3774669514757427,0,0
-0.30306373547045284,-0.7688754387666279,0.24301185700970085,0.719434738320313,-0.66033374302386,-1,0
-3.113872321058136,-0.0036123289870253483,0.06953910889310848,-2.131235945021043,3.594479854282242,2,0
-0.5373003910374368,0.8841334892665494,0.575060767550441,-1.6437361264483528,1.7488651543775477,0,0
-1.5510246949250317,0.8948970462603358,0.9420029169365649,-0.3491616542888031,1.4628744385616532,-3,1
-1.0021572279618534,1.2110391330782846,-0.39075841306452025,-0.6529035506623013,1.4372180571047872,-2,1
0.32693966008395137,1.3635718414980778,-0.2653853991047745,0.931803466447704,-0.27279231138244653,-1,1
-0.7612393533944884,1.3015511805006967,-0.12829899447319787,-0.472282475963827,1.4835372713195594,1,0
-1.0436945959957824,-1.4176980816204607,-1.1384850899376828,-1.4553747323675281,0.8910456264580808,-1,0
-0.8203859750098179,0.6827749342197267,1.0124384368294954,-1.535027188804455,1.899756741844782,1,0
-1.0259362993347483,1.3673940536261604,-0.5758418716989405,-0.6125422806073878,1.787539938032758,2,0
-1.1827000132643706,-0.9422518678899412,0.41857668266008285,-0.9690472501856845,1.0328498543664244,1,0
2.1617409807446255,-1.224565321281936,1.0013065370772256,0.13630172706487942,-1.9888865590276577,1,1
0.9771323073515523,-1.1230516244650592,-0.2501084589956588,2.340408092827482,-2.703187431009291,-1,1
-4.178345076992487,-0.7522778841246367,-0.5858758269479492,-1.9539451023408807,3.645738275262327,-1,0
-0.39943181955801055,1.6568218263247216,-0.7149568500960584,0.10823952581652496,1.0169280630624709,1,0
-1.870936450935298,1.0868271423982092,0.9356744563857929,-1.1877966996451539,2.488856714730293,0,0
-0.3837539207676175,1.247415971063964,-0.9116764608018835,-0.8641095427884562,1.3327139404493995,0,1
-0.13517232226977205,-1.119455034136579,0.29780588197031677,0.7673354941120347,-0.6805759016954707,3,1
-0.3820738066149638,-2.192915369257218,-1.0146363749767133,-0.10448891987294706,-0.5492950589835153,1,1
-1.3104760508384912,2.471722096577425,0.8097182650878448,1.8948383130357804,1.0196807796261478,3,0
-0.5384639261975864,0.58633117588617,-0.21051133659974092,-0.9043703408187206,1.1742946973502744,0,1
0.0016923331647793471,-0.7284012540788538,-2.4156673794654804,1.301222120159903,-1.027780215517357,1,1
-0.2780343959210727,2.437873751971507,0.8781479353385309,0.5373043023822126,1.1271121695951378,3,0
0.652765599838623,2.0059788573190978,-0.37981143848508736,-0.14894856089627173,0.6320096897470041,1,0
-0.8084286329605256,-0.7095120982758658,1.2676393760604587,-0.3230943463454655,0.4167221092249405,0,0
-0.3518671148149072,-2.230189079153714,-1.2533911712241548,-0.41743148958846754,-0.5767293736917941,-1,0
-1.2550802597051307,1.0122106631726646,-0.604318281274838,-0.21885088639956285,1.559399187362417,2,0
-1.7960753907634088,0.9879221964983411,0.2209168081438934,-1.419165501640715,2.4146891146983505,-1,1
-1.3119839958798065,-1.5153884191065583,0.05341748090954408,-2.0756134627552534,1.370233265578941,-2,0
0.45303783948589205,1.521372234128424,1.1844154613240736,-0.9711887837327985,1.0923296258549422,2,0
-0.3201271048440891,1.0640993861693162,-0.01346145458565204,-0.9059523978373432,1.2105081144292156,0,0
-0.5334292868106878,2.4508533801207033,-0.3927373627884593,0.6398756037159186,1.1934152816042392,2,0
1.4435563333856734,0.5083461488723868,0.17558480358588946,-0.330055493453957,-0.477527318185147,1,1
-1.759304327886408,1.0693640713685824,-1.8964223760596726,-1.0499866795741541,2.3669794350364715,1,0
-1.5724062067021962,0.7830352174502464,-1.158994600523995,-1.5666019989938922,2.4010100336167883,0,0
-1.623822990375408,-0.5979574441298701,1.098153027736738,-3.016437272564356,2.753586318980351,1,0
0.7892468490509625,-1.1580961305412936,1.1977925221423782,1.59188119402875,-2.060975945140303,0,1
-0.19761343888380856,0.8057325505488713,2.244225179936081,-0.1872590754947171,0.5472574923088753,-1,1
-2.570698781606886,2.7091505498402575,-0.44967507314622424,-1.8403459396207542,4.0692990905422,0,0
0.5075288900930501,3.013015124715583,-0.48589482412538165,1.472631170085795,0.27946204611285186,3,0
0.3712332129901852,-1.3577925168634986,1.9219329636180247,-0.08899953015263629,-0.698305570441436,1,1
-1.9963918273796053,-0.6789820110759641,-0.1283486757368778,-3.013985105796677,2.932811025504553,0,0
0.680981030756056,-2.3287798699206297,-1.1509905640105735,1.544085943160275,-2.3495849010856498,1,1
-1.0016044349166728,-4.076879069230835,-1.3394831553106699,0.9963730123838507,-1.5601247690414022,2,1
1.7631725932302196,0.33227299028782875,-0.342361635258677,1.1094249491608876,-1.7217524142803962,0,1
-1.4203500044565853,0.7006757960143721,0.3267644776615085,-0.8215299700238887,1.6425209559264518,-2,1
-2.3363574872829966,1.1769382877095707,-0.8646021411179935,-2.4185290105439066,3.545205670680096,-1,0
-1.6850600558901967,-0.37126447903960713,0.2574300760580134,-1.8778530452142501,2.1493330835383495,0,0
1.614714458054992,1.5333113541208827,-0.17393507162042818,0.6686265556008735,-0.8634626190637265,0,1
-0.7381073787572736,-1.7467692275956255,0.9340337599723358,-0.9884113834916282,0.2789416278047486,-1,0
0.8016736587443523,-3.808300134978446,-0.7158465413278651,1.0633914796335935,-3.1175360671427996,-3,0
2.3671352100074605,-0.4987738279019751,0.10977438679037288,1.156612550039067,-2.518331171647413,0,1
-2.855605474106259,3.2378626100194676,-1.9649579586669383,-1.7602127392804883,4.581358310176296,2,0
-0.7051096948977853,1.2405736879788605,0.6957374985106182,-1.46190669448952,1.9897560954393694,1,0
-2.709196956226696,0.4081871667633977,-0.9881859232358072,-0.5314557918874433,2.4085435561892337,1,0
1.4555216273698939,-1.4305252397318011,-0.02238280539187233,0.937958615165674,-2.045017372996518,2,1
-2.926620648416784,0.8925096121882511,0.7341807935351355,-0.8916939821680103,3.0343457541981134,1,0
-2.606270881385071,-0.05979964707415819,3.2261316589197016,-2.0324139871348823,3.027333597931999,0,0
-0.8055806687153507,-1.5547924315872659,-0.44978160392694433,-0.7595861247588827,0.20369233137081177,-2,0
-2.3032207699739504,1.3565161519706674,0.2689635141233141,-1.1211506611556348,2.6969180274176123,-2,1
-1.4623215953947923,0.14145519866495349,-0.08195178506309544,-1.0566448588745696,1.6887120992452556,0,0
-1.125234184232984,-0.7126854276685276,-0.19618814585246605,-1.0210564758740197,1.0094266551773976,-1,0
-2.386510194208578,2.276312184805951,1.1853697808237873,-2.1446551047951217,3.917686508759736,0,0
-0.024319146673569825,2.886235948425983,0.07402935234123845,1.3947117170258085,0.5671615589115965,2,0
-0.02206048575436792,0.6629899851901302,-0.16864186864827352,-1.6886277822966005,1.3629879753212173,0,0
-1.5688725867024238,-0.7372545122526968,-0.7188904151696235,-2.8172274855295414,2.496862350628865,0,0
-1.1757274584711268,-0.40795460680370654,1.5222975633444826,-0.9576729486125699,1.1705306765024952,-1,0
-0.5110527088159884,-2.31821248700259,-0.3504454842362166,-0.5640913629722352,-0.34675756958109827,0,0
-2.0230800037710015,0.23487995120784833,-0.2500146859353622,-1.9773781118160296,2.67266624921498,0,0
0.9227745728204358,-0.43944932492682165,0.5333455591395808,1.7894124010061045,-2.007891296259645,-1,1
-0.9098528846877934,-0.32297395177597377,-0.5908873624308213,-3.3281197314625564,2.5722361952259494,1,0
2.1828970905366987,0.5657730645358314,-0.7557049867064927,0.3105864381543064,-1.3393501990102334,1,1
-1.543804300817218,2.4358712867803827,0.13032674174496148,1.1348841333133235,1.5822203073175032,2,0
0.9034158463696205,1.7038827175623235,0.2326572048129529,0.2708555756435693,0.02802114825178592,1,0
-0.5953926326036132,-2.3466575006515624,2.963108456306708,-1.208221418761825,0.03338792307342198,-1,0
0.2983542152448446,-3.629339532649669,-0.8687917471595055,1.226731802270605,-2.341128415649499,3,1
-1.6067000085515128,2.48920183630244,-0.07758079160251348,1.8788595968243054,1.2531450501732044,3,0
-1.196408936302882,1.9255953441274398,0.11132649850631089,0.45218826942425094,1.509615073075387,2,0
-0.7477621016919835,0.7642066245082737,-0.15274456781252005,-1.6210480452852962,1.8838203533211044,1,0
-0.22403893841168487,1.3132419695379023,-1.680376391920325,-0.3681370729181185,1.076745387651647,2,0
-0.007060769137559153,-2.8357979171365315,0.5242041709015466,0.09510505904528954,-1.4194787652448173,-2,0
-1.6825575563337556,0.42540727219482655,-2.0998732322190468,-1.108563545532918,2.0840075426943754,1,0
-0.16357537485452145,0.6135995102285432,0.5734729869452063,0.21826783616850642,0.15483806366203356,-1,1
-0.4630781735940923,-1.3620873249560854,-0.37011419489391406,-0.09181973874915228,-0.3382357742910717,-1,0
-1.6659891893300622,0.27698096216404,0.9185508237936645,-2.0379463081419424,2.42366412890041,-1,1
-0.38456871373977763,-1.7983215963398171,-0.9707606634025506,-0.16150558754245514,-0.5335022080474625,-1,0
-1.3696292975381756,0.5563792821089015,0.4746334540141737,-1.4259568179803335,2.1069717748109698,1,0
1.210138037946761,-4.899603959949565,0.7085603148566448,1.1793344712015683,-3.902435566468923,-3,0
-0.32734041043712025,-2.6640628680453666,-0.07638963626683336,-0.647300014171738,-0.6002457494772219,-1,0
-0.13341767961286366,-2.700750554413272,-0.617456302716729,-0.35439928121731235,-1.0329428473363884,-2,0
-0.04407713289571147,-3.101826049395032,-0.32288640457860635,-0.1293956478989462,-1.0271139506653775,3,1
-0.17431270667027554,1.5598241128870969,-1.2561292946104496,-0.5372901535426167,1.1911055080283022,1,0
-2.763971975219996,1.9160123195847483,0.3708071855416861,-0.6407919997833482,2.9173503102377203,-3,1
0.5220313389133822,0.6363731077852381,-0.6644986814722349,-0.030045846973124957,-0.21626790838180637,-2,1
-1.4835654608623474,1.2659279010934736,0.7706412256463777,-0.9288301819403895,2.1689129984586035,0,0
1.2219384032067375,-2.0794223093575264,-1.0631733557393501,1.5681570143971624,-2.5422740999659736,2,1
0.6032952028194563,-3.356790274466379,0.7910298599579032,0.4602648641934797,-2.463745954512361,-4,0
-1.321689679176995,-0.2774061956568755,-0.9692776873321504,-0.9204411145860236,1.3340000196284818,0,0
-1.4805049984063936,0.4049033058972955,-0.8795004722679515,-1.5859044007850636,2.191636174815269,0,0
1.1223248795542575,-0.8985353812171838,1.9584743011314998,0.719806307278297,-1.4300721734952675,2,1
-0.44379740705144655,-2.7496655315993337,-1.3434269671216956,-1.375585754741854,-0.3014702033901162,-3,0
-0.1019227613315764,0.3867908644951582,0.13348202807517937,-1.048378480978551,0.805781861624749,-1,1
-1.533606049777387,-1.1244901606147257,0.8950391806387564,-4.345905462054082,3.157663385649485,-1,0
-1.5181657770136696,-0.44056851506305916,0.8327990035453819,-3.3540935312636515,2.9046185290414903,0,0
-0.9564703373667706,-0.7493835012541005,1.6900238454179433,-0.3302475116000825,0.6030074541805646,1,0
-2.21023858328403,0.6935644957768001,-1.7917294198338614,-0.26203359024356776,1.99840941000558,0,0
0.1730069609607574,-2.9570295861561218,-0.6442818174485494,-0.10758934756816907,-1.4948138954081736,-2,0
-0.16783831471119526,0.03893019896391259,0.2539679609009435,-2.4531850185816753,1.5972056890415118,-1,0
-0.49271783683604675,-1.5337090981143837,-0.8074422250742472,0.21628220592515102,-0.5447908164227048,-1,0
-0.43480571962827863,1.0083749232613373,-0.7158007627414388,-1.1937557381367714,1.5791288569825315,1,0
-0.7225410853276328,-2.0736012910630923,0.8354244718930484,-0.849062609641981,0.05743886979941193,-1,0
-2.2548930046196265,1.3475110759285593,-0.7345733865725732,-1.6925069009419933,3.202727052820074,1,1
0.11763717373693017,1.455381342212521,-0.7693610487280315,-1.0820147052014646,1.388963069214372,2,0
-0.5807927897540082,-2.4651723954490574,-0.5017289049288782,-1.222440338575143,-0.056219123573217455,-2,0
-0.27645306818482884,-1.7080425312511016,-1.1126305612381386,0.25156882535082814,-0.8667540069220979,-2,0
-0.951515188224399,1.551305200659939,-0.13317814026768182,-0.7140969711756433,1.6752810112966392,-1,1
-0.39391634273379983,2.116425620091059,-0.7325276838272726,0.5873514555770576,0.9036111278556413,1,0
-0.8698778927878597,0.798254309810549,0.03839400823865098,-0.34596734641293514,1.1602627120139213,0,0
-0.6961811861057987,1.6070677074041029,-1.977070973910356,0.5889359247589852,0.8917079098550116,1,0
-0.21498166717405498,0.28685482963071796,0.2196572571580551,-2.2218007851223183,1.69077424671449,1,0
-1.8347018813511164,0.620331424226819,0.5237772115586787,-1.8854344249402235,2.60774538260538,-1,0
-0.8743062663765633,-2.304030115315711,1.5458104271641642,-0.0574399129919414,-0.23654231246084978,2,1
0.04179529896784828,0.7387635595296973,-1.6312744955681648,-1.0993674981186656,0.8888517213242519,-1,1
-2.769210778939501,0.8040015454556207,-1.29265252415925,-0.665575612851652,2.417936561800906,-3,1
0.8720201740693632,-2.03559141102533,-0.3853700006509044,1.6615193896572247,-2.440188087998865,1,1
0.05743747754635353,-2.672146254722111,0.4146328952413382,-0.5538176777114727,-0.7129745874567086,2,1
-0.8597505754154566,-0.9178482380132357,-0.756485666473034,-0.7923919758146758,0.562096951846002,-1,0
0.4978491860241834,-3.9082406974512276,0.010082966881209852,0.27987883199559116,-2.4241875884769035,-3,0
-1.240812734075629,0.21970764633721984,-1.0982388768463363,-0.9145353617863491,1.3882617782329199,-2,0
-1.1880591881731748,-0.21380973322795827,-0.35710719224891874,-0.8926563646827019,1.1354442878264042,-2,0
-0.3757376405528441,0.9042274745253542,0.28679289754419723,-0.4292525094911348,0.8467612388875523,-1,1
2.0473311782203956,0.5600446245133948,1.7463916378158542,0.8796923611486672,-1.6187547077761868,1,1
1.2476137533185592,-2.3739070039771617,0.6140762230490918,0.54054355077119,-1.9131771002930238,4,1
-0.3452291591109925,0.8053999099535529,0.3828011983013504,-1.9098547230702894,1.7805276580214786,0,0
-1.3787179754682324,1.4981876945945953,0.14029341068029683,0.33849962718412674,1.5357615331573595,2,0
-2.7558634638207087,1.016057759003773,0.129683909565276,-2.101364637469007,3.43686628801143,-2,1
0.724354832954581,1.869189276811623,1.2987301086402039,-0.6453565246385112,0.846447286424262,2,0
-1.5458651197007378,1.1284879853412604,1.2646197116221796,0.7304496031990966,1.1899660222459758,1,0
-2.0218475573195387,0.14378978851165902,-1.0390866429293752,-1.2118285962020734,2.219583779471019,1,0
0.717017529048143,-1.8090215254919952,-0.3549462302069728,2.258325317616925,-2.5749323511647466,1,1
-0.1318364008574,0.7837796223726794,-0.6732891184666239,-0.0981263131714859,0.31583713513386447,-2,1
-0.38173247295198565,-2.341041674348079,0.16088438299176902,-0.6986615923807385,-0.470458655481371,-2,0
1.0533123352029095,-4.947865023348086,0.22378736655784356,0.6051325832293133,-3.4500232666855286,-3,0
-0.7252189979870529,-0.1522137807387982,-0.551457308355078,-2.783161078925516,2.1022842348743858,-1,0
-1.695063091587095,-1.7884128963026904,-2.2240198223612855,0.058101131491883784,0.3914266000242139,1,1
-0.7458731013151991,0.3484325300667137,0.6277047574817053,-0.8660275252972403,1.114445058846033,-1,1
-0.5559059966007558,0.8344715863480532,1.2429133824001302,-1.7099248999145922,1.887418602262358,1,0
1.1283137102317293,-2.022175233597175,1.2447145768184085,1.1528014944521872,-2.0718236252226547,4,1
-0.6926717064825936,0.8478960686627466,-0.4976083665623392,-0.9084369019227911,1.34282486208796,-1,1
0.8210806163464306,0.6732208959966914,-0.21383742313794232,-0.3441144585620409,-0.20747544307210902,-2,1
-0.5828988730975304,-2.314731160381715,-1.3134891316906248,-1.047042881669513,-0.04070818182224234,-1,0
-0.9696007617226132,-1.0026412141163226,0.3517457268750307,-1.0096074517977094,0.7792150039792163,-1,0
1.0950898240908122,1.7806386570508086,-0.0801024349738198,-1.0178032443778482,0.7489535898717203,1,0
-0.8877650399617207,-1.520068900940747,0.29054425947974594,-1.387346287848583,0.642269383039358,-2,0
-1.022253885128117,0.7273432300441163,-1.4995915508581836,-0.6098847285866809,1.2716111024194043,-2,1
-2.7310637990954323,1.3763461426661814,-0.16889332338792068,-2.904469911493633,4.3507342745490565,1,0
-0.2766965757779486,-0.5191235357668904,-0.4659619366267645,-4.461882016355514,2.6748097103524957,0,0
-0.784676959662744,-1.4880785556447829,-0.9925556137638796,-0.8619491547938812,0.2769415828215597,-2,0
-0.24891425747299123,0.8958291388520621,0.9845552909641726,-2.2732781006424547,2.0008309701740914,1,0
-0.9104423174184665,0.9706464740614381,-0.3524242550637274,-1.0789386265025234,1.7330755179464759,0,1
0.37966970990120263,0.30743639234602593,-0.16166323736355787,-0.5996001092505832,0.12706548762562458,-2,1
0.1394658855246771,0.5870809423634566,-1.1815793345729262,-0.7076073011646872,0.7315681269951081,2,1
-2.4777168578917603,1.37528071577002,0.030804697490436017,-1.0588061335854544,3.0594310834747924,2,0
-1.8098984317291649,0.47005694566242295,-0.08087957289112645,-1.818343363445151,2.613521643104049,1,0
0.18777494574705011,-3.2619432575515623,-0.3606874694774592,0.1841785785293344,-1.7948561029004484,-2,0
0.589000412508079,0.9581386202300883,-0.23437012319486966,-1.8625193807088953,1.1599125271237694,0,0
0.5900887789366025,0.39163035519913225,-2.67024599742681,-0.6040847996889569,0.09729948647725606,-1,1
-0.4248596241527659,-1.3373946705794215,-0.7737251795095957,0.11797788493991823,-0.4763529964862387,-1,0
-0.20728875513732392,-2.853783145408928,-0.39833644413023683,-0.7105872898526173,-0.8605097838282925,-3,0
-0.741756492820409,-1.088431869723863,1.6822623442570572,-0.28575919665192107,0.1307477261925457,-1,1
1.2907297288014474,0.8307134956718965,-0.3383080664634478,-0.8797698567838235,0.14070876934535237,1,1
-1.4721603374020995,-0.6013957928609341,0.35268953982261186,-1.7699262111545158,1.7467410993809613,-1,0
-0.966746336812015,-0.30589243732874194,-0.2990049620824594,-3.11967777229591,2.513065196008125,1,0
0.3767033371256443,2.12252930317731,-1.027597751412429,0.7646617744258899,0.35674175301511735,2,0
-0.1798868996439752,-2.712040489884228,-0.814472114445082,-0.6995500736063034,-0.8050205318699328,-2,0
-1.3061009532592143,0.4556637722296002,1.0908226678555195,-0.46068566875862216,1.3888524851356605,0,0
-1.8166161621360202,1.39192861934018,0.8805076638785394,-1.4528051551878425,2.6666295799403636,-1,0
0.381369506697125,-1.4732057973110206,1.0985286222141364,0.7750172074508301,-1.4730912137513321,-1,1
-2.332565571949809,1.190831374313689,-0.3413281197635269,-1.5537985229118154,2.861836027963855,-3,1
0.5998282062343206,-0.5690460208393596,0.9659430854722398,1.8581324589056591,-1.824340403899083,0,1
-0.8494286065045671,0.8993625421750276,0.5846396982691191,-0.5006998550289032,1.170095301312507,-1,1
-3.0784472853728397,1.2528296814732076,0.79114671151253,-0.48119194706885604,2.7192798567652376,-3,1
-2.3800190140497914,-1.0241323641801166,0.11511606978567471,-3.2392682997769127,3.1506760959704723,0,0
-3.5905087397724826,2.039971537944264,1.7394557208282129,-1.2875263711439637,3.9635290392008176,-2,1
-1.651886716564745,0.7603753604691845,-1.478578667672989,-0.9651674785451037,2.139588749764079,1,0
-2.16155857198218,-0.8919079446271769,0.38857436199753315,-3.8288999925138403,3.448296769039193,0,0
-0.003077430426304595,-4.497018588970048,-1.5977961518995942,0.03725338288858926,-1.7664907799593983,3,1
-0.47838377231155027,2.5541495593861936,1.3246987049730505,0.9320624236411883,1.0015226058287956,2,0
0.21921699972434117,1.4372911485230557,0.548971917061467,-0.5386061058775176,0.8833116691835733,1,0
-1.7578441764996822,0.2613397243107387,-0.24468450883413131,-1.9111309167044177,2.443546295151481,-1,0
0.45084102786433466,-1.1606515106887536,-1.9627345248628807,-0.22944666481335307,-0.6261669720419735,1,1
1.3012644208678372,-1.7003061107928903,-0.35315403794558076,1.020915886042109,-2.1310506766526567,2,1
2.238155768161227,2.734045397843363,-0.04770246948461627,0.5744108205459617,-0.4772999632910786,3,0
-0.6028454217158928,-1.4639409723598036,-1.6235333843984059,-0.754142960255287,0.07686678944862191,-2,0
-1.0651946125539724,-1.569791663012892,-1.4943463075014,-1.4169112901739405,0.7931029752158699,-2,0
-1.547801604281804,1.1255260703823653,-0.04785151332911929,-1.3902708188599977,2.3941314715269235,0,1
1.114073429033844,-0.4988362177165113,-0.5166061852735627,1.3755875272249634,-1.6945333791734485,2,1
-0.15519109238979667,-2.4163094632387376,1.071083080728032,0.36366361472104103,-1.2253476709321771,-1,0
-1.445070028519205,-0.5365901829571333,-0.833221865452879,-3.3814158494968014,2.782006815171435,-1,0
-1.6704805270783778,0.7565128119432304,-1.1698930256252877,-1.476629936843715,2.5026413642747913,2,0
-1.5767596812027251,0.5820373909128391,0.9189987572568485,-1.3323127708927882,2.087190114524121,-1,0
-1.7052825510385783,0.8631713378915742,-1.636774748607013,-0.8343159849879539,1.9303830017280261,-2,1
-0.0024548327599861475,1.845764479635712,-0.8580108886327809,0.16878089134265606,0.7991344148256675,1,0
-0.09793689786513182,0.24776098417290293,0.2378981888021418,-2.7682892544397446,1.8821008174624576,0,0
-0.6046083545463072,0.46491128114568825,0.369331021156131,-1.7473878169389008,1.7587480111527696,1,0
-0.295589991965854,-1.5325338712140097,0.5488504258088283,0.3408186422096784,-0.7507415190830367,-1,0
-1.7457482358701468,-1.9373053433388985,0.024166152050190164,0.8628363590291613,-0.22058650660693835,0,1
-3.0124614869996447,3.186353689324462,-0.07952726770819862,-2.1799405395829354,4.886837548378151,1,0
-1.694897342341425,0.15411630081101624,1.2332147039387547,-1.3494228256750533,2.091018042822857,1,0
-1.3299915360420893,1.3854955830612994,0.22955114026154091,-0.4913903733626681,1.8504122548282076,1,0
-1.9575063816967417,0.10913450679091374,0.4556870289146901,-2.830163982337491,3.012056043719479,-1,0
-1.9062169560865954,-0.10313768158069636,-0.08264646802664086,-1.6932259803122967,2.3608718861340314,1,0
-0.9538532542154985,-1.0164608203869534,-1.6211194770561796,-0.6420050281680489,0.585987798412844,0,0
-1.3277478363319974,-0.17150343546155344,1.7996187600519333,-0.9901647952385594,1.48513634690142,1,0
-0.6407890831100295,-0.9197523964050713,-1.2129249424501396,-0.27871683321414487,0.12757329173081955,-1,0
0.06212139628366953,-2.978937339692965,0.3588897599468525,-0.1515609569430556,-1.343333459805255,-1,0
-0.7312292412324032,-1.7079039151725721,0.675409118931041,-1.1571508585035466,0.29181729925546307,-2,0
-1.5767944605900248,-0.5491469744066375,-2.3936841517341287,-2.3550562128558132,2.224877949234957,-1,0
0.38833433193718814,1.0228721778196987,0.9806083548667577,-0.8418954469858728,0.6223228876466127,-1,1
-2.8679193527340354,1.1090328856239577,-1.1479358182093777,-1.2152381987781662,2.955892805272878,-3,1
0.27334358354960897,0.5395372140439886,-0.9727407736318192,-2.614784139902934,1.7147701488405003,1,0
2.2582984767527012,-0.8911014380695563,-1.1199914302716165,1.8852201887514521,-2.9085346177168283,2,1
3.5687837507172535,-1.8446612597623555,1.6045075801654014,0.8918433229095604,-3.40062979159544,5,1
-0.830293064882972,1.139008397107324,-1.3481975021152934,-1.1320076209542986,1.788800345828013,0,0
-3.207201942370952,0.48953801942002395,-0.5091677699249623,-0.5899577277691616,2.8211232759268294,1,0
-0.7833055814410421,-1.5981306967507098,-0.9158973937997199,-0.9508830300317715,0.32077663352152674,-1,0
-0.7212756608636759,1.420938199076127,1.154349574765506,-0.1150164108699705,1.26659891060442,1,0
-1.3956293136644116,0.06839173074053351,0.024103226477347483,-2.297946569979101,2.365049043814182,0,0
1.1075884248149155,-3.195861319289329,1.0314326782923091,1.9717685522307526,-3.1163269033454775,3,1
-0.33740635944455866,0.8167060122084853,-0.8187641072110209,-1.0501614167324023,1.0558539813525551,-2,1
0.18587587680317563,1.2161046837829272,0.205014772870928,-1.131678659364791,1.1994226474876006,1,0
-1.3711399587538002,0.39099274403903017,-1.6671563371773557,-1.2043465732502014,1.697989299631911,-2,0
-1.0392839736526533,-0.839194504456795,-1.055617471949706,-3.37028012275975,2.3792963900939226,0,0
-2.547153935231102,1.4759721483500186,0.15775487116026762,0.9554328936947201,1.8967790370339914,1,0
-0.012226413074465814,1.4641078121848334,0.8646371839029606,-0.6835019187993012,1.1524049036725814,1,0
-0.5755679946864202,-2.0422149869517847,1.49541366247537,-1.2543157600926098,0.048743177900365975,-3,0
0.08335232084108024,-1.7627965325521053,-0.5615238572147315,2.126306987360732,-2.0493782956162088,1,1
-1.4305568587768278,-0.8190061983601281,0.5589059611641611,-1.7471874109508838,1.6620676899883788,0,0
-0.02980014576677048,1.640691964775236,-1.7404177912369923,-1.3488914381386459,1.6931156267198637,2,0
3.2392359243266706,-0.5417719697399156,-0.6083452939526224,2.8912153101259683,-4.243738591064168,0,1
-0.39582376027174315,-1.4160108929499242,-0.7411934002630799,-0.06239495598337119,-0.42716697680785576,-2,0
-0.9382897900145009,-0.3864947900806974,0.3224159827111273,0.037782551402889775,0.42582463783096813,0,0
-0.04709311955797335,1.3471295016315123,0.15684424369147815,-0.8838537285786718,1.2669094027531134,1,0
-1.1597234746697889,-0.32701533274153327,0.2606278576000262,-0.8103256477936841,1.14377370901079,0,0
-0.19616028356625292,-2.8226607958298633,-1.4235706421811276,-0.43102739623156316,-0.9468994849765429,-1,0
0.7276889443542802,1.2001141037957102,0.7811374758321606,-0.8296615095259386,0.563565327640084,0,1
-1.6387322280551326,-0.03577539117661821,0.5555756081410355,-1.829755618576298,2.124278255742013,-1,0
2.320291928047346,-0.5287974301458377,-1.013368007591324,3.20465713083137,-3.759166269421234,0,1
-0.17837457290784653,3.57889211806202,0.8005538880867448,1.7897996595147072,0.8078469835926068,3,0
-1.6862929445264676,1.92227995451185,0.6309744898310978,-1.8623907449439163,3.14478239940512,0,1
1.3048311514796846,0.45706800441183226,-0.6095204816931845,1.0913548735520924,-1.2420673472412533,2,1
-1.401573806926962,-0.7409362057382582,-0.5749499553868769,-2.090719456054135,1.8025400515758365,-2,0
-0.8686667463043849,0.396572907153512,0.7454450397847167,-2.7548595413116628,2.5001768055825373,1,0
-0.7500151597454503,-1.6688950399501712,0.2234236422467896,-0.762854687343408,0.22608936948454206,0,0
0.28429814734022707,1.2705319990070842,-0.09217749998240579,-1.0556176550338165,1.0504995089732079,0,0
3.789292712610052,1.490665732950939,0.7923484089436821,1.1011824850289265,-2.5443874205758177,1,1
0.08138407253652358,2.2645260355944794,1.0545357633594161,0.6957381576003248,0.6837539902882324,2,0
0.7132939433947567,0.5611318755046676,1.3589015147395378,-1.0649590872196613,0.5199170634521806,1,1
-2.744868345466923,1.45067425785889,0.31973391447388066,-1.5377197392999098,3.313192785768427,-2,1
-0.6299458117154981,-1.7063311268334989,1.409191028599123,0.1299996566671473,-0.38687931988226165,0,1
-2.822357131746096,1.246517342426871,-0.9043058134946586,-0.4591329779453426,2.5083371621258146,-3,1
-0.1781544621356127,1.1888258031041792,-1.0491264912589586,-0.8304494780896791,1.217549566684763,1,0
0.9080427913096769,2.8603744974280247,-1.0647561553476776,0.24008739059678663,0.572335745346598,1,0
-2.1834412553104525,0.5550701963630766,-0.02930114321826882,-2.4472119951234212,3.319051278625645,1,0
-0.7489438194041105,-1.5366964601285764,0.004499548768524415,-0.9606883954582452,0.265080226865253,-2,0
1.1438768532562262,0.6060317694737654,-0.633496689204523,-0.2688962621696601,-0.30290050172314265,1,1
0.31954343480976455,0.009516730856065192,-0.40710696875416463,-2.896986985115043,1.4924952480892357,-1,0
-0.5199539782283497,0.6807396384105766,-0.9879326079059207,-0.8936224550601352,1.137698374509599,-1,1
0.9699090058073414,2.258750483936481,0.675390735292989,0.39441151800259333,0.21332085592505345,2,0
-0.025459964909695376,-2.3902778984203845,0.5944998067495573,0.06373001873872364,-0.7262661317895511,5,1
-1.1864944301684939,0.7191337988036575,-0.6405887527490934,-1.748981461897824,2.2684772610852715,1,1
-3.53945185104822,2.0984713609915966,0.7199245067731072,-1.533185757673555,4.115198223221228,-2,1
-0.5630388861751217,-1.678300858599789,0.26519863594830184,-0.14352959396783183,-0.26235708027684257,0,0
0.42578617240153316,-2.494477710309219,0.35907829734315516,0.8268187264414868,-1.824413017476414,1,1
-0.21975468899984973,2.732053261700627,1.5805418406083696,1.1509874154182573,0.7465885620735259,1,0
1.4709728079468842,-2.0366175854481723,-0.7085912669382154,0.9644073237873904,-2.3291272707043458,2,1
-0.6071980747548207,0.9106474492403469,0.22068494512984133,-1.4630271249679778,1.8304327580905424,2,0
-1.2716124146011958,1.04141301450858,0.6085846453501783,-1.398091069734137,2.0607406076935297,-2,1
-1.0929790449835477,-1.058581328489367,-0.5998741686008157,-1.3710415763424262,1.0131047038237133,-1,0
-0.41921874831299677,1.0101424202414808,2.4642124409992205,-0.9021557504108058,1.2539735541151544,0,1
-0.7798126634124054,1.8781406971205703,1.1569136906963997,-0.058341503237757886,1.553886031759753,2,0
-0.12237853339596605,1.0370699956108251,-0.1893924425107032,-1.2419807476646867,1.298079842208177,0,1
-1.6498595176713544,-0.6760739148990462,-1.1082471527178652,-2.343989650553752,2.1750523918931153,-1,0
-3.389784954979401,0.5904043141117306,0.6177501780872845,-0.6825906726513606,3.068246735260212,1,0
-3.569734546822079,-0.11441347410508818,0.8755236071786127,-1.8199012437376765,3.4848497811819232,0,0
-0.6400796856013268,1.2781950862356626,0.5607172822927565,-2.025308105496615,2.2573160295680266,0,0
-1.4887634247751382,1.3022487394566802,-0.47072340820385117,-0.9519526322479377,2.0082322163611876,-2,1
-1.5491651583443278,0.7187600872661146,-0.02142655372656402,-1.4160561224082748,2.2347838123288497,0,0
-0.25276500336806873,-0.37503214159207476,-1.8392105528461162,-3.630288841664201,2.1892041513835787,-1,0
-1.9206745153444569,-0.14636498470706416,-0.6570629191417124,-0.7997159778763623,1.7704108484869174,1,1
-0.9375770621587577,1.304071917719835,-0.12243481280341345,-0.9919972189660164,1.938092724031821,2,0
-0.8035665778610384,1.2828217256229373,0.11548828313958366,0.2497826910714962,1.103544564127017,2,0
0.10117656147326337,1.2724604333604068,0.9227850961708667,-1.2360642461071434,1.1427025701951634,-1,1
-0.8663809181440544,-1.0802129615172287,0.46857506995396153,-0.4263841734512007,0.26465972104146285,-2,0
-2.418441980955201,1.1906830626738345,0.161039507812854,-1.9477570809967502,3.372534270320521,0,1
-0.6804268921800121,0.7494948777082171,-0.3499458345148403,-1.3211331870881398,1.5834526710891876,0,1
-3.2812330901388593,-0.4960483067099819,-0.9729939966852104,-2.154725389768643,3.321139803160838,0,0
-1.3891991036427367,0.40887735661761226,-0.007582887921041749,-1.1733441860981955,1.7154304242173202,-2,0
1.4289729334064014,-1.013902570948305,0.6990995896655071,1.8561790554753692,-2.5748125488772184,0,1
0.4413525818149462,2.268639607878409,0.6645435425532163,0.12210503954348062,0.6137011334759636,0,0
-1.4817860950764485,-0.3462848396189545,0.11947634097571401,-1.8046765458930025,1.8361239029840637,-2,0
0.37548652395305937,0.5518034602840196,0.3902207843184792,-1.2640516038083907,0.7937510982140892,0,1
-0.9637944754923952,-1.4064869927088421,-0.08316871080203542,-1.1246422224908474,0.6991519791722323,0,0
-1.908992727224763,1.1650873468896599,-1.6359888354397742,-1.405054698310943,2.6549274496552058,0,0
0.7401953722516841,2.393245953216781,-0.9234724168418338,0.4933100881249983,0.37276313662859617,2,0
-3.588071602242528,-0.37848681898606196,1.2053267323048111,-1.342215153275149,3.097655200540465,0,0
0.8159648905196182,0.7206243015474972,-0.6305430957380155,-0.9447652246376508,0.3588814430194463,0,1
0.02722699332584,-0.20454945459873852,-0.041609310993324385,0.8099842521481482,-0.6812180562494167,-1,1
-0.5804849237369862,-2.825131144560918,-0.7300622192531492,1.2726789976837156,-1.46303123167458,2,1
-0.06522532277090465,0.7976809780260038,0.6723592088835013,-0.3473409755749841,0.49271066381532824,-2,1
0.20786583506505174,-1.2408009658526897,-0.1336039376031704,-0.47251768548390105,-0.31002861847819857,1,1
3.462828411698477,-3.6380329601497405,0.12086187902639818,0.8979331905067767,-4.207762544725741,4,1
-0.50617241020915,-1.5304197013761827,0.13051561300409567,-0.06795588999465274,-0.37230539119342654,-1,0
-0.48517501406810837,1.3214722202151021,-0.09814848296400769,-1.4928122606058647,1.7934851308693727,0,1
-3.3128776196151293,-0.5214299690018596,0.3113927926409304,-2.2322772263600577,3.4157912819929748,0,0
-1.8032870369908869,-0.1767487236362537,-0.12691780402996075,-2.1674718447953927,2.541619375775159,1,0
-0.18089383741346576,-2.29676692506348,-0.33265481807827224,0.14917563514207832,-1.0586021903027671,-1,0
-0.0283950297785569,-2.6915761028243983,-0.5238998283439267,-0.08435089548646779,-1.233795564279964,-2,0
-2.6901798365993077,1.1291643357756984,0.8344927207046011,-0.9693029760615841,2.8640440473081035,-1,1
-0.9623858488279032,-1.5055463623120193,0.7160173433642602,-1.2442945474758418,0.6966448329335995,-1,0
0.47818592355105904,-4.065119942644948,1.0211015729061081,-0.11558497365448783,-2.2486226938187173,-3,0
2.848647189712131,0.3670003859339146,-1.1729838514653934,1.3435339321154323,-2.5923745177909128,0,1
-1.6912462584577512,-0.14565912960752936,0.17865548101291287,-1.7728970247420741,2.116287529981554,-1,0
-2.0960670616362336,1.9200578024241102,0.19592214835427738,-1.1904799862472568,3.01913136091475,0,0
1.5188800690649749,-0.85660347653676,0.1987736503452285,0.4673507167463604,-1.508848125030621,2,1
-0.7005033099282163,1.8462421658496022,-0.17865211903219516,0.4746514895355556,1.1463961149220507,2,0
0.5766352941502848,2.2807265431682158,-0.7999930946950367,-0.0603260262225751,0.7552549607367622,1,0
-1.0221542037823375,1.6928216185479195,0.7616903369259623,0.05341050291156968,1.4509597958798568,1,0
-1.0058876988123107,1.4868381166088247,1.7475549076232633,-0.5406344424813417,1.78751994655948,2,0
-1.8382785808864424,1.286567086576183,0.12104694988068404,-0.15006707835341748,1.9879763488977238,1,0
-0.9935406169658308,-1.2202745466727887,-0.30414753568780306,-0.8950568076893327,0.6136793987206524,-1,0
-2.011653002076204,1.5263977457956202,-0.1535114637931967,-1.1141135159156255,2.517757332734298,-3,1
-0.8214381399247722,1.1276457655904195,0.4043354776306085,-0.6206925845750917,1.3272965076056842,-1,1
-1.1633817116089569,1.7867700011108876,0.1148523995627098,0.29458220713922456,1.4914628545117308,1,0
0.09299489682031892,2.0171298103987594,-0.2558738159157799,-0.5303212844264216,1.2511143410616594,1,0
-1.5077844577540676,1.5172173371401372,1.0457791516023653,-0.9270159108426801,2.3935399361115293,2,0
-0.5004197562791717,1.2716304323622358,1.2637611619017812,-0.9155022456078579,1.5720644702503628,1,0
0.8399071693388807,2.110183312466824,-0.019861047807900233,-0.27200638686098433,0.6386491648530539,2,0
-2.327224231310584,-1.4863176611551805,-0.7966583143540946,-4.84362197556349,3.8145795683464696,-1,0
-1.378817251377666,0.6018325556318067,0.0711055692939256,-1.8092688565224593,2.3513024990825393,0,0
-0.48800210287717605,0.38675528094549505,0.22047232077268225,-1.9749469343323223,1.7077667430560033,0,0
-1.4196606967887693,1.9810133525975897,0.9631827428528167,1.6360307692989737,0.8732611686474607,1,0
-1.7744870283509298,0.6570949897959173,0.4372310975470408,-1.7829841660409849,2.5404482415400973,-1,0
-0.8583468309739617,1.1704683409585195,0.21453442702921346,-0.5268051115889114,1.5215933841605507,1,0
0.3109178732426747,-2.7314448283026773,0.061327169519448145,0.2627318702168091,-1.425319343020842,2,1
0.643001137085276,0.33284262099034434,-0.05783694960402525,0.8838951636393726,-0.670776974546822,2,1
-0.5758576888651905,-1.0236828385413754,-0.0912575523316285,0.09522306676173731,-0.17198300512166614,-1,0
-2.057176781931666,0.9968193871039978,-1.3750628849187112,-0.6856397452920209,2.3289917081113476,1,0
-0.3163183815191102,-1.3478003421891178,1.3034334415157371,0.23629032559688445,-0.6718819553592335,-2,0
2.292359153476504,-0.8970647361633535,-0.6805828860666782,0.8087248832805249,-2.3182442301131605,2,1
-2.0207658838703058,0.8629537472676244,1.051463319008119,-1.0641951456703276,2.3804088320366015,0,1
-2.3497466578747384,2.481961175329046,-0.8047987485748853,-1.3296535479342335,3.502303346844163,0,0
-1.087784616424792,-0.28036510815498317,-0.27349430053073204,-2.3826726819634816,2.015527485533834,-1,0
-1.5751531150061886,-0.5654545843515258,-2.403176592592019,-1.804560992140991,1.909630937551253,0,0
1.3808541840441786,0.42440234276890254,0.41525582836774666,0.6629113793988793,-1.127214707711196,0,1
-2.3983340003069182,2.5665153503265454,-0.3376507295931485,-1.5950985847241048,3.7794943708890107,1,0
-1.347414839139283,1.2630572252369612,-0.3724543120492632,-0.4045096200079199,1.8355682597655605,2,0
-0.36442824276394437,1.7587553360005055,-0.07315959598146544,-0.17323081926297246,1.2023177895110007,1,0
-0.9015118612622862,1.0461956248599258,2.6741038924860177,-1.0286671649020054,1.5787851970183842,-2,1
-0.9208021933868057,-0.5881613557903167,1.6387919313339259,-0.22733214768742183,0.5043331146442174,0,0
-1.3824160963040049,-0.11380116337159873,-0.4489740811290616,-2.645192661213836,2.5350137006843854,0,0
1.3952679070001794,-0.9697127566034422,-0.5286294916001775,2.5494822753525375,-2.8436924465278084,1,1
-0.7608545757435373,1.171748239231912,0.12011888307512211,-0.10512156151262775,1.1046762369549294,0,0
-1.0249378546064685,-1.0591475578313458,-1.2283223950808901,-1.1241673430948078,0.7813054095938919,-2,0
1.6107972969907633,-0.1428067903757112,-0.0024015502485515883,1.0270270345094876,-1.7242524200632545,1,1
-1.571406930894367,1.1789900677232148,1.9866712645733091,-0.9956917452561789,2.2894116356118275,1,0
-2.02618698023673,1.3929715655543726,-0.70057782651464,-1.2686033020294336,2.669913017288583,-1,1
-0.7913941129877158,0.8963319791657649,1.0623336624200594,-0.7152735628266591,1.2925185407179451,-1,1
-0.8673980715621652,0.7316193725789912,-0.25005845579189767,-1.9586376939396328,2.1777571833234703,1,1
-0.6633747454361278,-1.3998080251730867,-0.8007575527262181,-0.6933703182917489,0.15302085239825536,-1,0
0.33599906522822187,-1.6349521958318998,0.24992902626318939,1.5494417938997285,-1.886960184213919,0,1
-0.037593074448251995,-2.9601427715275648,-1.639709118870289,-0.40975165518995305,-1.162616195127571,-2,0
0.18996128715062288,-3.089706477297591,-0.32811533316854247,0.34622519032913956,-1.8533322411139919,-2,0
-0.24696571461939987,-2.7181294444375723,-1.8045131792870404,-0.33308190943761173,-0.8841255476277838,-1,0
-0.29674772300013297,0.7907228082576857,-0.18049165898973837,-2.259026913907421,1.8774718304872935,-1,1
-0.7580369439952441,-1.089900843835394,0.8028040582132207,-0.563581944700186,0.24711260522499623,-2,0
-0.39937301768609845,-2.6698707865036946,-1.5645830261135425,-0.6568715858990541,-0.6073149280656142,-2,0
-1.6580734619416084,-0.1549214684122866,0.057774006706085054,-2.9878575461921852,2.8809526806094077,0,0
-2.18361620619439,-0.9284484245634526,0.6151744381886721,-2.860929989095399,2.8429308049805107,0,0
-2.782819147799363,0.9827166044663928,-0.8791630156213317,-1.0402590333186503,2.7451258755187897,-3,1
-0.2295900595041358,-3.0173895175294874,-0.5573549836553883,-0.8915432316562887,-0.8025688630556372,-2,0
-0.2272073741315237,-2.5909208393153227,-0.582307127931182,-0.6724450321475207,-0.7449626604203087,-2,0
0.2905665208968651,-3.1980617754013054,1.772687268474046,0.0006969393950222447,-1.812930049044793,-3,0
-2.4284830020500277,0.5848203379436888,2.099758398326558,-2.4222231707851662,3.4675633298555,1,0
-1.3577292877444553,-0.3942643507478374,-0.3172885656638249,-1.330552157627444,1.5549140016200051,0,0
-0.7590709639573603,-1.7612427396491603,-3.045928831081612,-0.8199053604963444,0.15547931727761588,-1,0
-1.3617062827749185,0.9259138682474424,0.3114960686884455,-1.9474062168220554,2.6067975266748893,1,0
-0.543196087989692,-1.6902558273721968,2.3061529847462148,2.3602279371716772,-1.9634351714833231,-2,1
-1.1691895554478324,-0.6958114421112784,1.1492593500306345,-0.9609716487788162,1.0899097989286477,0,0
-2.657323088040469,1.8079260297365223,-0.6278933377832894,-2.753939698104336,4.2923614917120645,0,0
0.1667198790572355,-2.7808548844951058,0.8079565491594414,-0.0035385068394598873,-1.5254399213425989,-3,0
0.09137024684793671,-2.9769002394255257,-0.2971089471985412,-0.002740071894157703,-1.5443229033267538,-2,0
-0.20373328424492754,-2.793881908221518,-1.0524800769964129,-0.14233037033688367,-1.1030526405098113,-1,0
2.5312565623187275,-0.9560008581601639,1.1623085196681997,0.9902055463693501,-2.5814606193629297,2,1
-3.1224908387178285,-1.289007172895325,-0.6588512497972971,-2.6731449271567174,3.1723892068326935,0,0
-1.9558394646715918,0.43958851884544425,-0.8824590482322486,-2.0630439489089696,2.7213085607936143,-1,0
-2.1626230388182313,1.4242188724276346,1.3154710453699998,1.0231641926092148,1.5020190538886922,1,0
-0.5739282794309786,-1.697295776119309,0.7993933586204381,-0.11391767807066822,-0.2784906089972703,0,0
-0.4161688317863329,0.7557080198032728,-0.09448231414448716,-0.8028309932700896,1.227789451126128,2,1
-2.1996296291981206,1.288173590700942,-0.3298405766083485,0.020041589945638982,2.1666189820035635,2,0
-2.4849311409342136,-0.1601581131707892,-0.21761818017148127,-2.021385167819468,2.8664237032455286,0,0
-1.1333248104120748,1.7270489299922764,0.07361650962869719,-0.313762290091792,1.6190511776306704,-1,1
0.4765202065008436,-0.2591103670903312,-0.5064081083009134,-0.15075321449921164,-0.25892711379846145,1,1
-0.6949389083389038,-1.2935927575339723,0.6536268879869651,-0.35609618046656044,0.0033498258197014463,-2,0
1.1595036932983525,-2.3970541706075377,0.5136791750248689,1.0865606456443158,-2.1550876487963206,5,1
-0.42948940516237566,0.462951417729605,-0.6419736623018343,-1.5852800956077395,1.5379205546677113,1,0
-1.8687910592525394,1.0999936933801047,0.6212349525739952,-2.3831635460138507,3.1784322816998944,-1,1
-1.5075806148041098,0.8994566485811419,0.28462919167275363,-0.6973281247009382,1.948289532782696,1,0
-0.30259437089279617,1.1612555130827824,-0.8822107959959048,-0.8712688196154244,1.343220776529578,1,0
0.7201069024009386,-2.576551054299939,1.7663106070558738,0.7448403195503365,-1.8839509918095225,3,1
-0.6726143855488886,-1.8352073770397113,0.24315171462324223,1.2386278257232584,-1.1463048943886858,0,1
-0.9722209628483305,-1.8067508531529075,0.7757856567932201,-1.3152190084125368,0.6108218208352646,-1,0
-1.158882064128368,-0.35039842071952065,1.5653726745846495,-0.6372066827025548,1.0312414953885962,0,0
-3.762551140698541,1.388535117168247,-0.24096713171201598,-1.8662721122904726,4.111645719976789,-3,1
-0.7762574476229582,-1.4586883708137224,1.9542972380253116,-0.7118028267274414,0.22386812263755718,-1,0
-0.4465119470933574,-2.4859949081575237,0.8695511066477908,-0.7137489600311098,-0.4577845628877856,-1,0
-1.452102878282699,0.05825539456246975,-0.4391592708768802,-1.252839819543661,1.740282522828309,-1,0
-0.3563244565909798,-2.34008984108468,0.5089905208555405,0.6368324475167064,-1.1824742789817735,0,1
0.07978513716620195,0.8565839127519537,0.24397213827568137,-0.8249826094701076,0.7833774414152458,-1,1
-1.0803039957740805,1.3529918997799353,0.17188483425132947,-0.46160000328921846,1.582235107744223,0,1
2.6518223913360925,-0.6494198419914277,-0.0639484926806476,-0.38991820528349486,-1.6219309917400977,3,1
0.32335099962060787,1.770884126832508,-0.1755708944765804,0.140503276791617,0.5342631584113305,1,0
-0.026362731567102893,-2.1317221700085778,1.2078220346204327,1.3363194943533367,-1.7416976886784825,0,1
-1.0761959664311658,-0.2946572704755066,0.6627818860209612,-3.270125450062126,2.6220538168331227,0,0
-0.11869340210872026,0.8117753441697664,1.4799864131806566,-0.05788640728332317,0.4777731184066281,0,1
-0.8863430153695739,1.315310741767746,0.460316719880339,-1.2191892672834843,1.9283647323587156,0,1
-1.9862218069404347,-0.3326043256479978,-1.1746316769575735,-2.126549796248392,2.5028004692545314,0,0
-1.9679199638791935,0.5930180421729323,-0.27267803158009984,-1.7713420605436188,2.629402019889615,-1,0
-2.428683555616467,2.741811079540911,1.359887546588408,-1.3162105417978165,3.7159694534599703,1,0
-1.117096075447634,-0.6382399885350967,1.1693940736962583,-1.101700878612501,1.1396142437616439,0,0
0.1158105965544376,-3.9878576314784473,-0.8172837500330771,-0.8746491768237756,-1.5670016254033827,-4,0
-1.147237396634806,1.1510012405773677,-0.3341523814543325,-1.5328283158238154,2.2534342758563315,0,1
-0.9163042895633263,1.0566753269559417,-0.5664705006020967,-0.6401363653295723,1.5574880627496002,1,0
-1.8540031114759556,0.957859441550305,-0.5582085328318197,-1.7194721949919063,2.61011295953557,-2,0
0.920051330115566,0.8789551288835791,-0.13766383036028432,-0.863627335398809,0.36036790636906224,1,1
-1.2980540186858602,0.8422202665376752,-0.9678426351396135,-0.5871965835225894,1.5999209458470414,0,0
0.11179894746193741,-3.084567423353038,-1.8085859571749026,0.5941603465614689,-1.7455426233080904,1,0
0.26277894067461105,-3.4225011330165827,0.17737917091446778,-0.06044325873831524,-1.821381610325659,-2,0
-1.5167391777612909,1.5550784294637772,-1.1953167981905863,0.27533786608249144,1.25902660134772,-4,1
-2.079856466619591,1.2637314476309678,1.0253865645439617,-1.8842119812505804,3.0854968909913163,-1,1
-2.223519225391512,1.5172355547181835,0.8633704618403383,-0.0172667367126651,2.29683997041724,1,0
-2.7720568658135174,0.424565845002159,-0.955486497271194,-1.0324524500305274,2.7647377491594662,1,0
-0.35186451408017405,0.6567282904958531,1.2523670966607754,-0.8883015404526592,1.0292545985150663,-1,1
-0.42109611786603984,-2.4909597850920395,-0.8975666850003668,-1.1084417960231565,-0.30165257719779515,-2,0
0.09328136111902186,-0.8810870476253592,0.31524492657085446,2.2470039498503596,-2.0690602699402705,-3,1
2.1997992080500164,-2.6756034853670077,-0.08415579062149937,1.0924885493701284,-3.0665099503459445,4,1
-0.9392521139083941,0.9175588777559709,1.2879704995831947,-1.4825976989528769,2.0654915997351964,2,0
-1.270301624401587,-1.4395822668277187,0.6441898605375508,-1.6919778942465218,1.2551846781817453,0,0
-2.702321415737186,2.3620155885820187,-0.8935264849533215,-2.3215764830330694,4.401601565206729,1,0
-0.2694624112650944,-1.9261446231082469,1.6190092872873014,-0.22052761450511027,-0.6355397237102072,-1,0
0.20583915304248768,1.4837319040972492,1.307278597099756,1.506460474597087,-0.5661139929548272,-2,1
-0.6267521342476969,-0.6097614337670536,-0.004003141835183874,0.42805298557597404,-0.1073132028623004,0,0
0.16756885773945296,-4.5504681686388055,-0.13302188064008896,-1.1123955243418173,-1.6043620233482085,-2,0
-2.3113233708440895,0.7407909629354124,-1.936795288732239,-2.9456212735391567,3.640470015522886,-1,0
-0.8760326616004104,-2.5644307682629544,-0.6535111993330405,1.1961803960949717,-1.168429826238977,1,1
-2.6121467131735523,0.14932196004168896,-0.2243213118326333,-1.1263607787022716,2.545910399378697,0,0
-0.7368615094381208,1.6400788252312046,0.6579362927530759,0.5408698388949584,0.9920186066872108,1,0
-1.3450213959908515,-0.06575901812819873,-0.4507521091651501,-1.1052936184254085,1.5922266901958777,0,0
-2.2006073135223123,0.4037233031387438,-0.3830441637244553,-1.9506140893248363,2.96444011989687,1,0
-1.8460822641377845,1.3563055330955014,0.118734088208495,-0.38774772033656735,2.238552718374834,2,0
-0.20055486016252044,-3.6066946227408714,0.6251488635103922,-1.0511465475737785,-1.028531130298364,-3,0
-1.1791306237858215,-0.1387417291051526,-0.10667568194432107,-0.6102037184851523,1.0490734850362529,-1,0
0.3302606295346755,-1.4771672951181036,0.2890124555323388,1.4621834161033143,-1.7278047136189922,1,1
-0.2939966083531048,0.6738420267056076,-1.0866619910289197,-1.2514991057655918,1.3177509790228128,1,0
-0.23587813997700802,-1.2223735251967731,-0.029816816668827722,1.1273827481985015,-1.0286399004402216,1,1
-1.5010817958272806,-0.14828598594213915,0.9098102224535721,-1.769953851250231,1.943351330063373,-1,0
-0.927784886112524,-0.7040858605086358,-1.7085185032307209,-0.8351599385251137,0.7825008976838019,-1,0
1.1480916113050137,-1.9401256631602986,0.7394634692351869,2.6784450988099717,-3.2891698228581836,0,1
-1.5085743084706076,0.07380288092578602,0.6878999679959102,-1.3190278158245121,1.7954378514764409,-1,0
-0.49742232431382605,-2.5925968657069927,0.3087582043113931,0.6384494522071821,-1.1258465041995402,1,1
-3.10992106724856,0.8722589411339929,-1.780457152006513,-1.6940111026062823,3.266258139697091,-4,1
-1.5516333172580308,0.24721390962679646,-0.051419554406841914,-1.0842276365938743,1.866247145737409,0,0
-0.0954173844321311,0.421101283003924,-0.11513660349129748,-1.4239724973089625,1.1408542086193767,0,1
-0.18342740932108503,0.3218263002484586,-0.5416856022956805,-1.819454654470895,1.5301249729860675,2,0
0.252026505839847,2.6137797187300347,-1.3096333636908042,0.10051063732374854,1.1098603703925294,3,0
1.7206586873319578,-1.0917847953333775,0.9334184829582883,-0.5458790173399208,-1.093012263825226,3,1
-0.24508483725281804,1.9978585558680493,0.3246885816350844,0.12102664551942866,1.1132962498174483,2,0
-0.30520891211552115,1.4838062651823591,0.9213180488381532,-0.5243424292357969,1.3224123114315203,2,0
-0.5195916625406376,-1.9425738346632946,-0.6091347692138098,-0.839159355158975,-0.1414890946999292,-2,0
-0.6095028476674178,0.5250107162248139,0.15795760278095394,-1.10753498445217,1.3351325855888492,0,1
1.2807014086954085,-2.0665247096330503,-0.46506944906357556,1.1448026372392637,-2.4618366792303377,0,1
-2.7668339251262277,2.262264885738337,2.210890992800781,-2.3918922635121174,4.360973710528833,0,0
0.21952709922955638,2.6235440794189566,0.7063884003022237,0.44217718052662436,0.7701668068629153,1,0
-1.5421929356325794,-0.13500647672660548,-0.3724918798701469,-1.2776376353768182,1.820525192857389,1,0
-0.8208238871319486,2.4408955597435105,-0.46028235071683626,1.0271161457641416,1.1987860267080632,3,0
-1.125401145295906,-1.0201375627531657,0.7523248930274368,-1.699091958153243,1.2364607637081315,-2,0
1.1265226351691602,0.11141400342150587,-1.7609364366308586,0.5006407741778605,-0.9733823579872788,1,1
-1.7858745322949638,-0.3201216903315982,-0.9189532191588221,-1.9200442427706808,2.2353463512222724,0,0
-1.1922267984779202,0.40574083530772886,1.0639434462280632,-2.1122991810058553,2.2827527906732703,0,0
1.445795121761831,0.48247735759228827,-0.6584431660122955,0.4210191406692829,-0.9381200325207861,1,1
0.663065893629313,0.09818707833937435,1.1918685063086651,0.4430316303965529,-0.6149442782403347,1,1
-2.156823979229538,-0.5070964777705262,-1.2644249196175634,-3.0874218300613347,3.1676529356638854,0,0
1.6087498625898804,-1.140638725478183,2.8439473965256803,0.5225651521734364,-1.6588473833155524,3,1
-1.2431770211434918,0.32834170457281475,-0.5569288076849619,-0.5471329849700481,1.2951000222407067,0,0
-1.4096542971409973,0.7448117336270746,-0.27022831902728783,-0.6813433255630289,1.7346621277305858,0,0
-1.3155723659086775,-0.727546846563672,1.7044545503941577,-1.4389448106496487,1.3823772586422796,-1,0
-0.5680201451151939,1.09516486946797,-0.9008549064331837,-1.3315057765955136,1.7476653841048195,1,0
0.8622977392329022,0.02980144436806742,-1.087143500237299,0.2142122720818831,-0.6163489710310338,1,1
1.0015730267210925,-1.3966345460943808,1.4655763843647105,0.35842122434298407,-1.342848377052109,2,1
2.8477765618552286,-0.4677255490412954,-1.2144176737775647,0.5972400091674112,-2.3964605506329053,1,1
1.4806728438273773,-1.016847203169306,0.5865607681068787,0.9288568865524386,-1.964655095547642,1,1
-1.394839472913555,-0.27644353093260443,0.3394355548108988,-1.4578969938619513,1.6350119342499854,-1,0
-1.8873499435688603,0.8628643680570898,0.39844386335668186,-1.685124046491255,2.6515220867523124,-1,0
0.9156599427306156,2.9607035658431204,4.052550122211956,0.7622870756474669,0.3740570424937679,2,0
-0.16980119453258014,3.2869998028950684,-0.8856622616562313,2.3289627511656965,0.35397619793057666,3,0
0.2615176689215579,-2.6204113323153058,-1.8185535346867037,-0.013353075910434775,-1.210611776428368,1,1
-1.1390224239873274,-0.8206272839193953,1.9346812294138171,-1.135958870998404,1.0444547601172112,-1,0
-1.5248696924379763,1.2549726237342393,-1.4829918678298653,-0.8794125674727116,2.0197778723129427,-1,1
-1.2727770379990067,1.4463097038381658,1.0674169530323996,-1.0170391627320683,2.1700326072379568,1,1
-2.2592736788400343,1.897720115232187,0.6184363105987696,-1.5941240466362272,3.1998830291125797,-2,1
2.692596451448349,0.3114408066718326,0.2942483127670564,-1.6009705365452573,-0.5178216778917686,3,1
-1.129027776348157,2.2044683806478944,-0.4001408417858246,1.0047033156163976,1.2704523407002222,2,0
-0.07318621067909159,-2.849818407875194,-0.17145682497313391,-0.37951020637425514,-1.0763996357292882,-1,0
-1.6168220860515676,1.1729971426503862,0.5041010744808456,-0.8681612163680515,1.939547751099092,-3,1
-1.1857307185355948,1.0515416680557719,1.745550710145013,-1.5220502304623853,2.2831111925269294,1,0
-1.854057978641313,-0.3237895825886975,0.9720908187564609,-2.162958195478562,2.513062822709396,1,0
-0.09836175244598633,-2.0629886490158933,0.048739154028767814,1.1458415302825284,-1.3587111653899044,2,1
-2.2714175904242992,-0.5889843513577344,0.2155070231841089,-2.868113068854896,3.065001261333497,0,0
-0.31088131730797,-2.1777004296686355,-0.503364093250508,-0.2163288972655708,-0.7087756794218728,-1,0
-0.9567323469184915,0.8320230789145194,0.7886716842608666,-1.3587237928606708,1.8876591788264734,0,0
0.17769517813063707,-0.3624649982323995,-0.14513761918831034,-4.035324938960826,2.1595024300315946,-1,0
-1.0327015601838057,-1.0246479013262983,2.058601746400309,-4.196555608435967,2.840377547783564,0,0
-2.9168085809575537,-0.02606351711464394,0.8629107429582141,-1.2262901620263327,2.7512496056676583,0,0
0.6998231723901684,-4.032287269704538,-0.9650996707365793,3.592980289401495,-4.253121870799243,3,1
0.9991368258267944,-1.9935654861464944,-0.6147214572652406,1.4235261689108216,-2.2768092060122624,2,1
-1.28200634566911,2.863046735009399,0.08025098971177376,1.5506446381077237,1.383810998408225,3,0
0.17049343913422654,-0.17514622174900008,-0.7176153962399772,-3.3488215129573624,1.9092380373268159,1,0
-1.1823844494507645,-0.1865775993608343,1.098329200694048,-0.9905498739780928,1.248472253056668,-1,0
-0.8887835379538795,0.7836930491949203,-0.004621688903522317,-0.748373230623976,1.2527839972287598,-2,1
-0.5234779813003527,1.4148707623457153,-0.12678259437841174,-1.637074583787253,1.9497668347754957,0,1
-2.0176094723220777,1.569931118282415,1.686303574202864,-1.060117080339632,2.5827757795251545,-2,1
-1.4280644099945405,1.403373032532594,0.4918732124419854,-1.0334631618973946,2.359163446074043,2,0
-2.342691662449437,1.8081620924101927,0.24731298113961678,-2.2616759997455747,3.7028833305392097,-1,1
-1.1467290460900832,-0.6867831383809482,-0.37256884237644927,-1.2716684395854756,1.1774319291130253,-1,0
-2.1603534038747734,1.1820056515156765,-1.4602680145835696,-0.5435477674166755,2.2140959739582433,-1,1
-1.4102490851723006,-0.7075953418284631,-0.8873456275044174,-1.6572738985484206,1.6226861675938085,-1,0
-1.491279142497805,-1.1226571766852176,-0.4311468831819377,-1.5899772914579995,1.5639942298628668,1,0
-1.1984124207974522,0.7672542182953094,0.6041205059847414,-1.9965064663727414,2.441173065772187,1,0
-0.1693292005649849,2.0613690513858898,-1.0323448383776088,0.6168386096828091,0.7739904024998209,2,0
0.21250727909309153,-3.295347978294173,-1.9801504590549874,0.13541812222252547,-1.8168121871854055,-2,0
-2.169089152721447,-0.6641923110516976,1.0751803969737295,-3.327488148903318,3.2361727657523023,0,0
0.6996590022868141,0.859321728739185,0.7282358290884481,-1.3149504788478916,0.8337104398275375,2,1
-2.1626417411001295,0.7929763934959961,0.14858622908306054,-0.17932528402744397,2.00187539193242,1,0
-1.2527720445145099,1.2681075483114552,0.3982677721793258,-1.05071174118492,2.2432615373571747,3,0
-0.8016135694186111,-0.15882791823797426,0.6034530251870976,1.0704133231298139,-0.16308669131967807,0,1
-2.0012103722424053,1.7824514523548474,-0.028282648707111824,0.5345428534171957,1.945826034516883,2,0
-0.4204764860205987,-2.72845465692082,-0.9092601032328502,-1.001933513147021,-0.3505466517960736,-1,0
-2.427923756443456,0.47108541177925956,0.49658167054992614,-0.9579626652700142,2.5048601240038995,1,0
-1.9738553728636794,1.0081909617056342,1.5380654361054693,-1.3880988373415137,2.7128412202889822,1,0
-0.8098271761489276,0.5324008787775951,-0.2607698462560682,-1.1851464438211308,1.4828096409106932,0,0
-0.9182413591023026,0.8683700676414077,-0.3437901374402593,-1.7864908237325583,2.2082566909320596,1,1
-0.7773162073134554,0.6319561378640528,-1.066656133057809,-0.23240164594368706,0.8541501612288063,-1,1
-1.091796019184059,1.5853327205247632,-0.568056287661465,-0.006534978423307414,1.5014755194467173,1,0
-1.5254483461809487,-1.701965705943445,0.04257034137903291,-4.410153558519403,2.936798835215778,-1,0
-1.8770032040446019,1.2294182688332982,-1.2723949772052185,-1.0475954253447788,2.3878301804098907,-1,1
-0.4107433446101728,1.2861781295984318,-0.39355287324913923,-1.0465099445771224,1.580304307711884,1,0
-0.8577707142984415,0.6977025159901238,0.9099957821212328,-1.718675033252207,2.024883805402498,1,0
-0.31541298074271185,-0.916926040627327,1.3495832390469993,0.815098957906047,-0.7715496939571451,-1,0
0.175879701767081,1.9919881810711795,-1.6930848158309462,0.6865489447589752,0.4125624799901668,1,0
-0.2587494663437694,-1.9123983818661088,-0.86303490708299,0.05957533228422385,-0.808135846157018,-1,0
-1.4323456416890048,0.47028151155081854,-2.0084837161435005,-0.923882843720289,1.7366448866810285,0,0
-2.3419106132647167,0.25994311854927155,-0.34818257096262034,-1.9565265023347622,2.910451330157794,0,0
0.23076452595025976,-3.9089461342278375,-0.24917583794395778,-0.2653829530657733,-1.9232182288191386,-3,0
-1.6827217289247203,0.03454882826023953,-1.4646020632506243,-1.5676727451167227,2.133348923900308,0,0
-1.0804907480265598,-0.13960179873191625,0.25564770385042956,-1.0928484939233114,1.1731993099545144,-2,0
2.650416820224475,-1.5115820292457596,-0.3386425087301794,2.6898868684606443,-4.000295775337557,2,1
-2.710603257302603,3.08326278265704,-0.38277518217832124,-1.818274365033136,4.422684232693969,1,0
0.337930013914604,-2.2709770390033173,1.9421896126937708,0.9293992193768639,-1.9717226195321242,-2,0
-0.7796899944888718,-2.1754700965961287,-0.002720195109112664,-1.2388337972816732,0.2347712253120493,-1,0
-2.492550708540713,-0.8314259746379506,-0.12767807230559353,-2.747410568905997,3.0584385612822627,1,0
-1.0033756609109692,1.0134101632907595,-1.8114520837625387,-2.563417641843694,2.7608161366507433,1,1
0.8361044162456269,-0.4940607029825953,1.3787222267000674,1.137034516840162,-1.4906056844201196,0,1
-0.33336642013514295,1.0782042149989817,-0.9264890647002435,0.21532759243360555,0.5168970590999808,-1,1
-0.3127755385692973,-2.553213136470322,0.6361554850394354,-0.45809080839951677,-0.6830777625626587,-1,0
-2.599023356882655,1.4343645268711258,-0.9843996258681831,-1.3661577180836237,3.1096789984048785,-2,1
0.6099269659045059,-0.639825324904013,-0.5614830247660237,-0.025512303984758677,-0.47278684329983034,3,1
-0.3649150968793923,1.073383286178125,-1.167248559494483,-0.8489808615300758,1.2091533133146517,0,1
-0.9614004277565118,0.632468791984993,-0.9126645756607705,-1.047603873631966,1.6344168577656075,1,0
-2.4399999502980334,0.4001575926420988,-0.3106069148995733,-1.3063413437898377,2.732607068130891,1,0
-1.0699832161811293,-0.728767292361272,1.0756574688258984,-0.9558366965693585,0.8908445550590678,-1,0
-0.9286325496104479,-0.5360594221814675,-0.35244486577601764,-0.40315524720200335,0.6393304403336385,0,0
-1.3711060058970475,-0.025786625486372117,-1.8462732593500761,-2.439925848890294,2.4149834187890766,0,0
-1.722712087740822,0.3837903404872818,-1.0402502669908051,-1.300325896983932,2.1657458338576636,0,0
-1.7366655765496453,-0.582926128827064,-1.1550890904393236,-2.7421126953214414,2.6125523510394073,0,0
1.1958161773399358,-4.629412042622323,2.896518605519746,1.1850512750790303,-3.724927490250981,-2,0
0.25840450552278105,1.3819271118178706,1.0841330874778008,-1.5354788239239425,1.451970597360956,1,0
-0.1657072923317734,-2.782685413908225,-1.5122755927410747,-0.057111044385396936,-1.150921277738153,-1,0
0.07424444091930904,-2.1235631690123764,-0.9157386703805219,-0.0859237178123804,-0.7099948923300202,3,1
0.6747591204598085,-0.2234757705689201,-0.46979669462614937,0.3133407110223263,-0.8571178800582397,-1,1
-2.0504327080952964,0.8186458793160571,1.248791900549558,0.008725872173582783,1.8172985077135173,1,0
-0.33240855157469906,-2.1025982411448196,-0.33664660436528576,-0.5354590662103891,-0.5018709926544045,-2,0
-1.9616053248765746,0.08232696289706953,-0.14019797970958092,-1.836114993176582,2.591694594248346,1,0
-0.024629285031161685,1.858681539974964,0.8467375775313379,0.5673855792173979,0.5787680492893479,1,0
0.572760428320118,0.9224080708079104,0.298200278098241,0.347343318492882,-0.25829754906241037,-1,1
-1.9313042801222964,0.5303044791603182,0.6649554577357163,-2.103932963957111,2.7565548267931104,-1,0
-1.63980243824507,0.9454979406415513,-1.8335095439918458,-1.1804259248765803,2.1755097911811454,-1,0
-0.5246897340510868,1.1096750171165135,-1.1192733152474919,-0.27924081221902897,0.7725712658340824,-3,1
2.2430299048051854,-3.2512691858287583,1.611295766910263,0.33612753198489465,-2.8161253436281855,5,1
-0.7972549146897436,3.274545339525545,-0.3235092195836363,1.0676019858304917,1.5496953922840018,3,0
-1.96960337355761,0.3686967170995683,-0.13256567734489694,-2.072445638849108,2.8339702621046126,1,0
-0.7862174170473528,-0.7828691364752297,0.15469674934532343,-0.016648915632071493,0.1439637434075801,-1,0
0.01713222715905982,-1.2438892411455795,-1.3644360722421929,0.08108088762821553,-0.6358655275868601,0,1
-0.948340802086939,0.6322435538017992,0.3632853898839753,-1.6423695432052114,1.9873361484960848,1,0
-2.324044988645456,2.5436740535588345,1.2117242984706877,-1.3273968896289676,3.481370952010119,0,0
-0.8208285480640293,-1.6000589628976885,0.7789106802120574,-1.0076191539530306,0.4047681488669165,-1,0
-2.529932797669481,1.5995655406612164,-0.8197321218102845,-1.0731602852823536,3.0440026816735575,0,1
0.2412717599296128,3.6524742189985595,0.8690952862453243,2.4432400243321837,0.19132905893998542,3,0
-0.45335134146473255,-1.4571114951546513,0.5022912253823866,0.44897185031805087,-0.5133053110597083,1,1
-0.31393163532276924,0.9798795892517315,0.5537684628154319,-1.0957006715350126,1.3976024960396898,1,1
-0.18630286193122925,-0.8743149795434662,0.842706018698451,-0.5989330732416742,0.13018376846211732,0,1
-0.19696657403321605,-2.8327103625443053,0.15332866213718016,-0.3219986125189964,-0.9897017947505435,-1,0
-1.9861642359144276,0.042982801580329855,-0.9962720962701991,-2.1981023227228063,2.810376210624922,1,0
-2.2022473640232945,1.3078589985373432,1.2172897339227675,-0.791206083986006,2.264556901091029,-4,1
-0.030912284496993347,-2.6708969626323418,-0.6011481365959827,0.07511577795647928,-1.3066336919359889,-1,0
-0.05121818051396487,-2.3877002891204215,-0.18765849429620104,0.5402670095599238,-1.139584562700755,3,1
2.1980104484607805,0.7786245352584227,0.08438819432830247,-0.08220991381384368,-0.9249883817866387,2,1
0.3079486206518587,-2.2115098529950545,1.9375543019623378,0.9978708620858145,-1.737942082724735,1,1
-0.814688541090856,-1.1092230921208537,-0.44779755142266964,-0.7314730978693662,0.36991021494151755,-2,0
-0.6258722863090903,1.4488158514432432,0.03969175733185092,-1.2117584836950772,1.7711972640360152,0,1
0.008656024302374554,2.3763545672570507,0.6703487029019994,-0.6704522106722384,1.5741828344216666,2,0
-0.7127700978956985,0.9538699351708392,1.2886231278380933,-1.2904551387249836,1.6643652066064667,0,1
-1.2360571446452213,-2.0985744990926953,1.1941601825244574,-2.457833648215932,1.3483007892868404,-1,0
-1.3780943889045774,1.2359040553636627,-0.3898656237934682,-0.23228328189337577,1.706160309281435,1,0
0.5642035591927415,1.087593138610682,-0.11721457373713202,0.5820717337031898,-0.4409398509117618,-2,1
-0.8151678530029268,0.752548997810296,-0.6019666143721257,-0.8294776158439204,1.4742884884947594,1,0
0.5153449064838298,1.3426471487697995,2.6927581625237265,-0.9025777858781412,0.8476493283060624,1,0
-0.7242241198431202,0.19337869392538765,-0.5417874013834628,-2.334402071949998,1.9671903092724567,-1,0
1.0811205734283371,0.8436318282944381,0.11238118979669498,-0.5568245817731503,0.04536418131124714,1,1
-1.9544611716603235,0.7969950248961473,-0.8993741271546539,-1.995903569670688,2.8754346376626625,0,0
-1.5249973175770024,0.6408515631561169,-0.16626889372037837,-1.7592356026326061,2.4424313456831546,1,0
-1.4215532535107358,0.03104343994629155,-0.5316538246674944,-1.040495283815995,1.5761119357565303,-1,0
-1.2757946507500693,-0.526289923673406,0.3875118082723767,-1.6036625460106009,1.4634412500277658,-2,0
1.0163895162175454,0.6529271286507559,1.0306577959874648,-0.6511589148618246,-0.03166468011012835,0,1
-0.049617651354511794,-0.13322820219242892,-1.7621241390440652,-2.8397797900963866,1.7237986294653689,0,0
-2.115668671014707,1.3939754712935695,0.5917688235578787,0.5752374914323579,1.8065550784410036,2,0
-1.544571670812463,-0.09034199129952025,-0.028407862293164363,-2.554622472272862,2.5209214328447795,-1,0
-1.312288991481335,0.43867308688919593,-2.1555909397431083,-0.8543751714186711,1.50130801693694,-1,0
-2.5251222599986693,0.8014723479653373,-1.3382066555043792,-2.6440068332313427,3.7338453375923515,1,1
0.00035882151950361596,0.8202306791482606,1.0945758204543252,-1.1698874169376605,1.1181090536343699,1,1
-0.4765520941980178,-1.351777415074707,0.05435147854701664,-0.0015096506077343363,-0.395037335797462,-2,0
-0.169782707094978,-2.959170901071492,-0.8545761803683251,-0.45075112170178666,-1.0329468618865503,-2,0
0.9300456862718514,-1.7678117615050097,0.1696317061856208,-0.188685827534953,-1.22260312869457,1,1
-0.05058902671175902,1.6301410022971017,0.03360131664398963,-0.8987082032165433,1.4651749895110804,2,1
-1.951067492674813,1.475470807176285,-0.4599143271356735,-1.1597999241484007,2.6194903820218,-1,1
2.1251358710295207,1.1784221124852774,-0.9152064123034229,1.72633247169173,-1.9382676417769773,1,1
-0.8987483542231952,-1.3239161490008606,-0.44725959088283745,-0.7890470770211625,0.4509410395252188,-1,0
-3.0914918801990074,0.011540867721848369,-1.714454053725157,-0.9006744794805509,2.684914299853591,0,0
-2.121327506936143,-0.5962962371139848,0.4468935776478827,-2.8057180870384437,2.9734809938453073,1,0
-1.034482954507464,0.9412944598006261,-0.5854749912240685,-0.8157770199974936,1.7708132657436677,2,0
-0.9339638910966439,-0.18413147203391467,0.006464187197597223,-0.22923497195389686,0.5981748367600355,-1,0
-1.5600320861925023,0.6588486546739531,-0.8128790308993932,-0.5335126641497256,1.8120882387650803,2,0
-1.284398908491239,-0.1312761383740979,-0.5476581053713842,-2.340489246024765,2.236057911772989,0,0
0.12145568974843135,-0.2279492328029733,-1.197480686105643,-3.5608239089837532,2.046705022985409,0,0
-0.9640002527411784,2.500409230174099,0.2895202093163524,2.0379921950550366,0.6251675569447804,2,0
-0.5602352580822624,1.126180422384396,0.5048661531778007,-0.740774641945722,1.2151405561976545,-2,1
-0.5986014278019718,1.0949070925041484,-0.011551298226648075,-1.0692248391319514,1.5560864022023082,0,1
3.183970115171689,-1.642187197308964,-0.1673913392054417,2.37554061070628,-4.235654838738494,1,1
-1.518816547196288,1.5712309382194434,1.7308515458699736,-0.8364472268518336,2.0891576809263013,-2,1
-1.8032525172021345,0.04795584435341249,-0.24262878780015645,-1.9990245059671046,2.47935430418247,0,0
1.0346116714425944,0.1338941554121187,-1.9363058063400032,1.37312070056136,-1.5497452902236692,-1,1
1.5533172422889039,-0.3119407023340548,-0.30680351444859494,-0.8842501075309177,-0.556555016955627,1,1
-0.8690630327665549,0.9754884246416075,1.0109592064190316,-1.0065940778136704,1.6782774200414186,1,0
-0.29865776795121723,-1.805359619018768,0.698388434306089,-0.1791319854378628,-0.48712071541440966,0,1
-0.7196733021216202,-2.132970630449205,1.2119036031057844,0.09543487488845037,-0.3369909710166638,2,1
-2.156271648914696,0.4508807832401771,0.08030645706945432,-0.8892333613328846,2.295744631116776,1,0
-0.97393227527874,-1.1612739397188325,-0.132643144259125,-0.928557403751324,0.6573693544467848,-1,0
-0.365067334185067,1.344630152680112,0.23221450595489967,-0.7749341886125076,1.4469956496805507,2,0
3.7112219772678245,-1.2891435587252706,-0.9458526613759538,2.0582314237412302,-4.125939987000798,3,0
-3.314678979610767,4.229655370513997,0.0626760501619782,-2.51221011891706,5.663414387344023,0,0
-2.048762849014408,-0.2726762064186139,0.9826569072723415,-2.329882653520028,2.674808853062185,0,0
0.2875748104867224,-2.500075118456209,-0.6672847354562812,1.645751269146492,-2.1914471737945846,2,1
-1.207370205502655,1.4166850374063533,-0.05445096242087541,-0.1726141380531926,1.6369708013188577,1,0
0.6814998979782398,-0.4726073712691501,-0.17729342318990776,1.7167814852405638,-1.6673804793587101,1,1
-0.5952185071496083,-1.7029115925271716,-0.9881633476704093,-0.7331339608726415,-0.07303278934663171,-2,0
-2.1745272744151745,0.7287834100590018,1.3283905454118128,-2.4754266527817452,3.2364644805934217,-1,0
-3.1561447886529534,1.3462486028323366,-0.9122949631827532,-2.2053312925029864,3.934077111497884,-2,1
-3.271045078867599,-1.1642696356798945,1.217633589732721,-2.7623907775495957,3.440987646711047,0,0
0.4075545411347665,-3.0983097916907933,-0.0669599032971397,0.666775606792765,-2.2440762677101938,-3,0
-1.5218160966318077,0.46840109200201185,0.37921565683347,-0.6555933610161098,1.6585929332765952,0,0
-2.820262373537669,3.050355710356003,1.244529910676643,-2.257301515188386,4.685310437667382,1,0
-2.5551500501807887,3.567540236282582,-0.7678292652071974,-1.5591352026555882,4.228066233028861,0,0
-0.20186463070749106,1.0737758875530639,-1.0964013645051112,-0.32742585479801833,0.7884467377865522,0,1
1.5559245449319077,0.7835241763252732,0.7019574916323259,0.48755362211757725,-0.9119105858288474,1,1
0.07566481461660857,2.155184387299406,-0.8024271944228096,-0.03665063617653952,1.0071479105032228,1,0
-1.5343552275667123,0.7182549983198756,2.4798515349079366,-0.8631974310677418,1.9568519849853965,1,0
-0.8837114584862941,-0.10241871245861534,-0.23312625562625686,-2.3493447582691167,2.0024009532079785,0,0
-0.7308615422314295,0.7747474167527979,-0.7031210546656195,-2.048466903705819,2.195953482324191,1,0
-1.20761564699746,-0.5146972649036679,0.07673423871651144,-1.1540169648513054,1.2284217783596239,-1,0
-2.9443993690042776,2.2441330441270995,3.092641278462682,-2.9841758436812293,4.9448723061148865,2,0
-1.39539907693125,0.6056392908586758,-0.9004292254644896,-1.1072098270304023,1.7685684693409214,-2,0
-0.5951955487620616,0.9552446585160261,-0.6518621340339592,-0.14452356727379712,0.8312491618953833,-1,1
-1.3929542240187085,0.5758908349101376,9.902185182045265e-05,-2.249546082490607,2.5992199683467954,0,0
-1.2302889294522175,-0.13774598608075683,0.20406870227498228,-2.9322363181615048,2.609430651796591,0,0
-1.246386326430528,-0.3833844392249802,-1.441519826963828,-1.0330859644266925,1.2634221095454774,-1,0
-1.39432177060121,1.2399796854912237,0.340867845125827,-0.5634249682031232,1.9342336840966385,1,0
-0.6614976631862199,0.5637518986379335,-0.3195735582908373,-2.3308556668353084,2.224948695641933,1,0
-1.7300895434101604,1.0979446991000072,-1.0454402663748068,-0.238664436064576,1.903833953049011,1,0
-2.3044530886044794,1.3105373310598059,-0.8349503682876777,-1.814702079781046,3.067477905378763,-3,1
-1.9783524323780384,-0.6188352109133453,-0.24413991630933043,-3.4040088865335596,3.1443249642991673,0,0
-0.6864380353617732,-0.638177425739558,0.07879301820784587,-0.03104985510540048,0.16826770432960098,0,0
-1.6305378461469227,-0.07887234694521472,-0.3119019831088788,-1.4234910770654787,1.9192476261426314,0,0
-0.763351779943665,-1.9504562472936413,-0.18207447009192648,-1.3556442978992198,0.41627307333767705,-1,0
0.3952007049562003,1.2667762517522607,0.1352465403512318,-1.1622887523433483,0.9722513895006858,0,1
0.9262150262252407,0.7374874400842898,0.5748688698383837,0.2861170180891377,-0.5172028403067427,0,1
-1.794102280199537,0.08278546954693744,0.856095854230007,-1.582093472668456,2.224646850371206,0,0
-0.21896421752453576,-2.5202705104519576,0.06462103118053213,-0.19760623319917614,-0.934404100972879,-1,0
-1.0361644140949051,-1.5615557859801688,-0.07153721206451298,-1.7699139583704415,0.9371965098727211,-2,0
-1.2781618071265348,0.6194090540372146,-0.07597107945831398,-0.6851288106714013,1.6303123470406793,1,0
0.1289395668139317,-3.8865689632879206,-0.22281569971968226,-0.5953273308144392,-1.5736962258181832,-2,0
-0.67814994559374,-0.9059541900317153,-2.412992688075883,-0.23349413178761602,0.11024793279482309,-1,0
-1.2008072364078344,0.6077453667658054,1.0654244322762583,-1.1228527905080876,1.760040771119994,0,0
-0.9000347383812537,-0.577401302899736,-1.6247813593972622,-0.22900784181669953,0.4705712146225154,0,0
2.2482330053609427,1.285957872510517,1.3030649803324426,1.4313972722495405,-1.8655628369696637,0,1
-1.2230489219455398,0.03342975816840321,0.21964516028304537,-1.9665855831041408,2.088046899699644,0,0
-3.250803446062597,1.3975627640867034,-0.4096841892180281,-0.05966779866832628,2.521810004591328,-4,1
-3.2665996635939956,2.095318129242903,-0.07330515708955748,-1.1723670288916783,3.73389196206974,-2,1
0.2864648424403631,2.346919290250794,-0.2007349180019919,0.4181090521564821,0.7723766379685744,3,0
1.4587505589618321,0.007325004902498322,0.14135352660693282,-1.5441057090408576,0.20247093514760425,3,1
-0.599407115635544,0.8457036339634342,0.7811861948023926,-0.9371714581961621,1.421848644235371,1,0
-1.6538025735623294,-0.6485076309837836,0.1502233549368725,-1.9669795669273182,2.1449384225169505,1,0
-0.828232067409895,-1.9692133862232992,-0.6320607578870588,-1.636661070059331,0.5521733863980742,-2,0
-1.0793592244863401,0.3106083185534009,-0.04554695678680688,-1.718853579146916,1.9985735569703071,1,0
-0.5653693161603063,-2.335195114873353,-0.9225926668275283,-1.2279930206837009,-0.03330358116909471,-2,0
0.07002345956735878,1.6273414203855103,-0.4674287137582835,-0.48716433890983635,1.0889378048513843,2,0
2.1416222095242765,-0.7154309455818015,1.1386170714537858,1.168587355819057,-2.3647983898465434,2,1
-0.5859561880216784,-0.36887676614040865,-1.0792959366796544,-2.5301668761852625,1.7999607680405867,0,0
-2.1484187833922137,0.36479090146199333,0.15190975072657917,-1.9728764979820892,2.9136166043033844,1,0
-0.5227237832402153,1.2448103283225542,0.6371690707015035,-1.269964091605087,1.694974364516313,0,1
-0.9132320205972284,0.4950095901972289,0.8433301098614514,-1.565181736466562,1.8476849084357037,1,1
-1.7900379862317202,0.9817286006924772,2.39849860669323,-1.3812727971933976,2.415747279854135,-1,1
0.6105701088503108,-0.20068306779553458,-0.6370785062503561,-0.02328730958726255,-0.4213006046799118,1,1
-0.20275527291770312,-2.3287793201834983,1.0358846615535835,0.9736271253574058,-1.4657382852963927,0,1
0.3168404147613275,1.5510758054515765,2.5838068488176673,0.0780652969549076,0.5444812411653968,2,1
2.839152038667338,0.5115097929373487,-0.8969723040991179,1.2927324091257693,-2.4643046118372887,0,1
-1.0262141801634956,0.4958507146097759,-1.7711971651548635,-1.7156436673341116,2.047589827580314,1,0
-1.2743320051282074,1.2969108825474982,0.8188037757372632,-1.221178279597557,2.138002117939929,-1,1
-1.0774098287824494,0.7604448174354067,0.04140195021410666,-0.46528624463388146,1.4578698873138038,1,0
-0.4146957832022484,-1.2960363470968876,1.7318994673630033,-0.2709784880874936,-0.28047760430300106,-2,0
-1.9914626822411035,1.6192715319130069,-1.0046970996542737,-0.9331838343335034,2.4592572212400423,-2,1
-0.9452856262993081,1.1739232136867666,-0.675584387414668,-1.3990068907622981,2.0668696120923546,1,0
0.15901122656817512,1.6124819693670123,0.6784591530118383,-0.8578877592611307,1.2468869264395317,2,0
-0.7902261706522129,0.6207705405037118,-0.33329488636155924,-2.0290205972930897,2.1481422876135405,1,0
1.7222540896469276,-0.8191517531017188,0.8555443845854632,-0.22785909483378153,-1.170194798405483,3,1
-1.838359042994847,2.3398523435275953,1.9016357708319687,1.3676683688285594,1.5601377349711067,2,0
-0.18475227284030948,-2.5550331568327005,1.9734095902484603,-0.5160536012274588,-0.7819763201747226,-1,0
-0.34677707340240893,-2.0596265192376233,0.5608927226818058,0.16821320665979167,-0.8314795836002431,-1,0
-1.351782408476867,0.10296629460269169,0.4113958771583612,-1.16098060198497,1.606796011666635,-1,0
-0.29062519774702067,1.836088843811631,0.7095361707264408,0.37017642460446254,0.8615042316436765,1,0
-1.2344820737110318,-0.0329862669194223,-0.492287990529253,-2.051526995739128,2.125171251977646,1,0
-0.35422270272328216,-2.0875307402334116,-0.1643907650729055,-0.1507809697324325,-0.6579041769033477,-1,0
0.05653603309474087,1.9611108917599367,0.18454530233934613,-0.030874797006412935,0.9477022567427831,1,0
-1.334130162087153,0.6240716701835098,-1.3076044806803524,-1.895892591556037,2.3876586681849608,1,0
-0.12099350904647044,-1.2098336419753377,-0.017506449188277106,0.5050115206085278,-0.6670228268563583,1,1
1.4043319854035365,0.7416931540968884,0.48879331552664823,-0.06998201610513521,-0.5105143328099134,1,1
-0.4629039574319227,-2.3276930361173007,1.1772366015675635,1.4702021911836851,-1.5176507038913318,1,1
-1.1876203864460637,-0.23662902880415815,0.7157263390568104,-1.0465416167315809,1.2789477587573201,-1,0
-1.9060606936446887,0.6200844646946944,-0.7913844860820516,-2.1052229896677215,2.738250677575043,-2,0
0.6536182406315925,1.0247167477359356,2.0609594364625123,-1.0109678870289993,0.6814472840411011,1,1
-1.758428312080615,0.8449502501996414,1.8609870401836113,-1.845452188592141,2.5724598730518875,-2,1
-2.0638332195472016,1.6050016420522883,0.6747285460635064,-0.45629990138829335,2.250014175818938,-2,1
3.7823591831978183,0.4981280778388255,1.2352925148504237,1.8777120515656054,-3.398513227736001,1,1
-0.4031710267130717,-2.976877637895299,1.2446527815353008,-0.8687005279934941,-0.5840351070265879,-1,0
-0.9700927980233677,-0.9932939319197731,0.6630992467401732,-1.1266590848338125,0.8600848018723216,-1,0
-1.279995312258476,-0.2635044268232396,0.4350843979662737,-0.997057385521995,1.3550297440497159,0,0
1.5100613127988685,-1.805547928030078,1.087102362015743,1.3299712218977007,-2.5796786490151775,1,1
1.1545514959480776,0.21594887733194557,0.06265936625454731,0.47125078965651723,-0.9329220505048268,1,1
1.890069946012835,-2.3218350608255633,-1.0769755463305088,1.7912294636627786,-3.1843162941378047,3,1
-2.1027358003692447,1.192670576154697,-0.1595652819920512,-1.7991100801098705,3.0083349926262732,-1,1
-0.035466519351636805,1.0698472483912884,-1.3823026091367618,-0.7897152163487748,1.0946010280744487,2,0
1.5757382208382236,-0.05067568422981006,1.8015396139252335,0.7548944278192419,-1.5511795720541888,0,1
-1.4338207725688885,1.1273149899135193,0.8599814402736132,-0.8870800205343887,2.0173446301300606,0,0
-0.778629596802821,-1.4578745255445122,1.0950588664813858,-1.2919763593441143,0.5085936840381466,-2,0
-1.5440172256842182,1.301348013544591,0.6951398959043604,0.4163295670355651,1.485226211974846,2,0
-0.8192496003916976,-1.0323260116093804,0.11929670502201714,-1.1710929823259133,0.6513063132562704,-2,0
-0.13153879205780028,2.1649246191811233,0.34046244648365637,0.3623477805272777,0.9046435695882222,1,0
0.30041149767758957,1.3819829617036716,-1.8497041456719603,-1.746058059263938,1.7258187391976367,3,1
-0.7386191953031424,0.849814701172863,1.9445939935970222,-0.5294355002408015,1.1837629616184708,0,1
0.48261275844754037,0.5982736046886323,-1.7346639215329906,2.599807189534844,-1.8971741279510232,-3,1
-0.5319040583153818,2.156726695384677,0.28493306968481164,0.939144592258141,0.8522188689158849,2,0
-1.889673265027267,-0.3566153623515289,-1.4178440717101906,-2.4782731513971523,2.6741969719467407,0,0
-1.212109825154589,-0.2912557580613584,-0.40767761157448673,-1.0612628435276832,1.3603067478867756,0,0
-1.5292370688924035,0.27975813006488115,0.010201471424870157,-1.1811628512504784,1.8590957986416745,0,0
-1.160860309742076,-0.8378736018222048,0.8492023092622182,-0.8973789479104385,1.0016199543844437,0,0
-0.9577614609083174,-0.43689799091224035,-0.2243821098913365,-0.5636853900158576,0.7150851072815094,-1,0
-0.6054108180688,-1.60951204297635,0.5132324268151828,-0.6599961254589015,0.009391700804336378,-1,0
-0.7308137632842702,-1.0478282160116756,1.447010666774807,-0.33098986462016255,0.21339647973030007,0,0
-1.0138416876410494,-1.0603280982171424,-0.5489193598053015,-0.928990938531959,0.7435283957514289,-1,0
-0.5188341102030164,-1.6963723758786342,0.39440853272418014,-0.46085089581786876,-0.24814928374959622,-2,0
0.39493184007236226,1.5627285120472925,0.14379375095267685,-1.0797472504039543,1.1494546497850398,1,0
-2.3234101847837554,3.280410577855651,-0.3600314969949575,-0.7157056553155885,3.493892971621981,1,0
-0.7871411966124984,-1.6294299556580853,-1.820147821995829,-1.1289599158793837,0.3975854853422034,-2,0
-2.3146524866987557,0.7498324966455756,1.5946406412163145,-2.4089448745045106,3.47328016159191,1,0
-2.2013725270041604,1.1860393132188705,-0.34546864714007236,-1.8869128157555006,3.0832434801086395,-1,1
-3.312865902898322,-1.1014448594527044,-0.9284760303755522,-3.594033472360188,3.9225556283811818,-1,0
-1.2101232260921275,-0.24621398936547068,-0.47745752344711834,-0.5511259228876795,1.0228108484618894,0,0
0.07010399258790578,-1.6746631151502693,-0.4313539269192858,1.0864442132322005,-1.4685827048833202,0,1
-2.7392769060465163,0.7529088045616676,-0.4480338594337108,-1.2697656437912146,2.8149400653323955,-2,1
-1.8661637722884825,0.9421048001518385,0.02486848401629693,-1.4465880703090082,2.4563658078768684,-2,1
-2.454531319048532,1.2991201962017676,1.5940821319518448,-2.59940034519016,3.87071326324544,0,0
-0.04753479067722477,-3.0554767905549145,-0.47782837737406914,0.32048796237744326,-1.3039023859270062,3,1
-1.4465108240915725,1.6914647013295694,0.8815849843885636,-1.1159216382283281,2.2940690919885953,-2,1
-0.9271011704892093,2.5190255761573335,-0.2802393847441911,1.7840505021241766,0.8301509662804872,3,0
0.006338404867685998,2.0380290720767222,0.6252981922329911,0.2865058156462035,0.9022181021731699,3,0
